acc_x, acc_y, angular_z, stamp, 
1.5050201416015625,-0.1382928490638733,0.02023328921703658,1696619331146705486,
1.3694636821746826,-0.10717576742172241,0.013785988696958717,1696619331156802938,
1.0008498430252075,-0.181349515914917,0.009737819777552954,1696619331166786294,
1.1051809787750244,-0.14670372009277344,0.003854244921375442,1696619331177023754,
1.21723210811615,0.0024036765098571777,-0.0012142126402873217,1696619331187985445,
1.2302730083465576,0.2343805432319641,-0.010691054462891605,1696619331196787112,
0.8548451066017151,0.3244462013244629,-0.012113664857865554,1696619331206896199,
0.14809155464172363,0.01627141237258911,-0.006848118105023743,1696619331226817353,
0.12535113096237183,-0.22488754987716675,-0.005981034131686923,1696619331236866578,
0.10277217626571655,-0.2898601293563843,-0.012374306968552296,1696619331246856748,
-0.18735414743423462,-0.1699783205986023,-0.02038323785280778,1696619331256832219,
-0.27845484018325806,0.017873704433441162,-0.019625632530744546,1696619331267735555,
-0.10281401872634888,0.06325769424438477,-0.019245162238740184,1696619331276931438,
-0.1588999629020691,0.014653503894805908,-0.013533591996369476,1696619331286911612,
-0.1806744933128357,-0.09549623727798462,-0.009537160581041808,1696619331299419553,
-0.2742384672164917,-0.04079318046569824,-0.02009965063155681,1696619331306937901,
-0.23946845531463623,-0.040858328342437744,-0.022466299882965918,1696619331316963926,
-0.2721058130264282,-0.0004349946975708008,-0.028933771277074916,1696619331326940670,
-0.14599567651748657,0.13887494802474976,-0.031991376600217294,1696619331336957620,
-0.12430554628372192,0.2260764241218567,-0.03362233589517767,1696619331347619071,
0.03154265880584717,0.05823904275894165,-0.038356827208584965,1696619331356983113,
-0.17339009046554565,-0.0849372148513794,-0.0331077784664578,1696619331367040943,
-0.08902585506439209,-0.06374281644821167,-0.019220279976316954,1696619331380193528,
0.29454195499420166,-0.08088970184326172,-0.012696447681370427,1696619331387045204,
0.5085408687591553,0.007006466388702393,0.01018194877978448,1696619331397376617,
0.41683900356292725,0.014303147792816162,0.02256943742234119,1696619331407269527,
0.2846531271934509,0.07700532674789429,0.02103519714365473,1696619331417157147,
0.24907571077346802,0.1637081503868103,0.01587681570175218,1696619331426581159,
0.17512065172195435,-0.000888824462890625,0.0065061159340463045,1696619331437207064,
-0.09694546461105347,-0.08860510587692261,-0.00281797863556462,1696619331447158347,
-0.25333964824676514,0.1939084529876709,-0.006690196036612296,1696619331459493817,
-0.25333964824676514,0.1939084529876709,-0.012252090308413047,1696619331467120740,
-0.49272871017456055,-0.12986159324645996,-0.009163623461883293,1696619331477199941,
-0.15570592880249023,-0.32249516248703003,-0.007474033461100289,1696619331487191993,
0.2062583565711975,-0.08861112594604492,-0.004715131211503735,1696619331497211761,
-0.08952021598815918,-0.10607564449310303,-0.006661738011018763,1696619331517597557,
-0.31689631938934326,-0.04605835676193237,-0.005311653960027306,1696619331527233062,
-0.20807498693466187,0.157423734664917,-0.00024217260593482285,1696619331537577207,
-0.07477498054504395,0.17523878812789917,-0.003832480513384591,1696619331546208568,
0.8171014189720154,-0.09037601947784424,-0.009503247314368907,1696619331557517163,
1.0418118238449097,-0.11582040786743164,-0.009880819520319389,1696619331567325766,
0.8027999401092529,0.027451515197753906,-0.002289494374547873,1696619331577478697,
0.49100184440612793,0.20713186264038086,0.006524213181009923,1696619331587798109,
0.05096405744552612,0.08012855052947998,0.010144833472226087,1696619331596652275,
0.15073513984680176,-0.13520020246505737,0.0055468264673559095,1696619331607316869,
0.47530972957611084,0.05858272314071655,0.0051466223222146,1696619331627320678,
0.213445782661438,-0.04489850997924805,0.01077446665633147,1696619331636566434,
-0.0537647008895874,0.015315771102905273,0.015520359676705635,1696619331647351051,
-0.4165875315666199,0.04415237903594971,0.024600605603426008,1696619331656555972,
-0.46795547008514404,-0.0464015007019043,0.02601801001584855,1696619331666573054,
-0.023749709129333496,-0.12206602096557617,0.019914343287588055,1696619331677357716,
0.3710794448852539,0.0005303025245666504,0.004920070673041474,1696619331687433588,
0.48676246404647827,0.0635952353477478,-0.0058870769505570625,1696619331700129580,
-0.028810977935791016,0.09183311462402344,-0.013426294523917151,1696619331707413613,
-0.33225929737091064,0.16274189949035645,-0.009807181890425775,1696619331717438862,
-0.2830579876899719,-0.044773638248443604,-0.007626285781181517,1696619331727458128,
0.07853960990905762,-0.23549675941467285,-0.004849679932104577,1696619331737498706,
0.08168542385101318,0.021630585193634033,0.0014878411306090084,1696619331748359791,
0.11824524402618408,0.19832587242126465,0.00873359958653672,1696619331757525222,
0.07435762882232666,0.01345592737197876,0.015524681220107821,1696619331767487903,
0.13708722591400146,-0.0009793639183044434,0.020066966505373686,1696619331779432909,
-0.02718198299407959,0.0037885308265686035,0.03880646325738276,1696619331786565876,
-0.01964855194091797,0.059684693813323975,0.025268514028455195,1696619331797514418,
0.007497251033782959,0.05105948448181152,0.030085849487081148,1696619331806546596,
-0.21675127744674683,-0.1017599105834961,0.020869709976894663,1696619331828317155,
0.14980512857437134,0.017744064331054688,0.005727364718733493,1696619331837583613,
0.06510978937149048,-0.007961571216583252,-0.0012026293319792043,1696619331847672143,
0.729184627532959,-0.1666765809059143,0.00840587833670463,1696619331877633419,
0.6803019046783447,-0.034188032150268555,-0.004357339298222034,1696619331887680714,
0.6642090678215027,0.009781599044799805,-0.021416655793532448,1696619331897706805,
0.28912144899368286,0.08298581838607788,-0.03220806147857958,1696619331908015629,
0.07876700162887573,0.03497952222824097,-0.0325905430600411,1696619331918523704,
0.0819658637046814,-0.1147162914276123,-0.02857546461951481,1696619331928456827,
0.1435648798942566,-0.25663065910339355,-0.026784111091497722,1696619331939890433,
-0.04419976472854614,0.2543148398399353,-0.052456936682405426,1696619331947687177,
-0.17592066526412964,0.18252742290496826,-0.04943841116874518,1696619331957704464,
-0.3306337594985962,-0.2116439938545227,-0.050749002131903656,1696619331967759359,
-0.11242800951004028,-0.08494514226913452,-0.050446019863386836,1696619331977730023,
-0.03315258026123047,0.4436315894126892,-0.051917908777048584,1696619331987808998,
0.039752840995788574,0.3206733465194702,-0.05348258518972037,1696619331997702528,
0.04163891077041626,-0.39773523807525635,-0.04680338405468322,1696619332007769958,
-0.12713831663131714,-0.687016487121582,-0.025892791119465196,1696619332020005082,
-0.05468243360519409,0.08386540412902832,-0.02294251683382568,1696619332028438776,
-0.13464635610580444,0.565363347530365,-0.02345280426844764,1696619332038495532,
-0.09336614608764648,0.13232284784317017,-0.033611606678655655,1696619332047887497,
-0.01183086633682251,-0.47044599056243896,-0.027761414701621287,1696619332058473761,
0.14655351638793945,-0.1550549864768982,-0.016516172339599722,1696619332068497118,
0.24696338176727295,0.5239095687866211,-0.012333386191633674,1696619332078508357,
0.10554218292236328,0.3528323769569397,-0.029290889015769303,1696619332088433546,
-0.279882550239563,-0.19673609733581543,-0.03368190619422944,1696619332099471630,
-0.2841483950614929,-0.3490704894065857,-0.029369906458273958,1696619332108464770,
0.041159987449645996,-0.14796793460845947,-0.014003600275254852,1696619332118454256,
0.15801852941513062,0.238858163356781,-0.00947106384036984,1696619332130377220,
0.11006355285644531,0.17658072710037231,-0.02004357809897244,1696619332138470924,
-0.11287909746170044,-0.08473503589630127,-0.007388641296628749,1696619332147552337,
-0.13081353902816772,-0.29437875747680664,0.015442739368106747,1696619332158471352,
0.049040794372558594,-0.09393489360809326,0.043174494132115215,1696619332168479046,
0.6855356693267822,0.5884754657745361,0.05659746795610125,1696619332179434584,
0.9868252873420715,0.5937141180038452,0.08308910336969129,1696619332187539318,
0.5735285878181458,-0.05270373821258545,0.06513731900928617,1696619332198616732,
0.3236069083213806,-0.40554243326187134,0.06509828185230875,1696619332210366389,
0.848127543926239,0.1333632469177246,0.07667638466551145,1696619332218591246,
0.5318024158477783,0.3873831629753113,0.03265715336951741,1696619332227559260,
-0.35953229665756226,-0.10863339900970459,0.005130247586231241,1696619332237545093,
-0.36984163522720337,-0.7563072443008423,0.012706589830106757,1696619332247573987,
0.10823631286621094,-0.5091661214828491,0.02506279078984813,1696619332259501010,
0.9043160080909729,0.5122349262237549,0.03566549256842733,1696619332267559660,
0.33375149965286255,0.4275650978088379,0.014701945186100391,1696619332277548137,
-0.31731027364730835,-0.2970903515815735,0.007885845855205506,1696619332290651114,
-0.06514918804168701,-0.6553764343261719,0.022116853578727187,1696619332298533994,
0.09512436389923096,0.3223138451576233,0.012732753702723466,1696619332308584179,
0.13340461254119873,0.7635731101036072,-0.006388741224404524,1696619332318580030,
-0.09338855743408203,-0.14679449796676636,-0.01173039621706111,1696619332328585303,
0.022435903549194336,-0.8804765939712524,0.003281418115901043,1696619332339892400,
0.16369199752807617,-0.10415482521057129,0.013988319612778941,1696619332348603568,
0.3577979803085327,0.8050771951675415,-0.0023891603331721444,1696619332358647141,
-0.12278461456298828,0.31037431955337524,-0.014758459308362035,1696619332370714903,
-0.38277459144592285,-0.8643484115600586,-0.014301921950534018,1696619332378624751,
0.16865146160125732,-0.27952277660369873,0.0005685159553797497,1696619332388698050,
0.7865671515464783,0.8420913815498352,-0.006460835113332311,1696619332398707424,
0.4538077712059021,0.5155625939369202,-0.01466140882132904,1696619332408685173,
-0.3397402763366699,-0.768036961555481,-0.0026596666232591016,1696619332419600870,
0.21404534578323364,0.7533688545227051,0.01191232089765927,1696619332428890038,
0.11476927995681763,0.5493440628051758,0.0009143080796938663,1696619332438766152,
-0.3635428547859192,-0.9515474438667297,-0.015806207371881535,1696619332450690386,
0.09012949466705322,-0.6682902574539185,-0.017656049162706237,1696619332458935392,
0.4470832943916321,0.606044590473175,-0.001059948479807523,1696619332468602150,
0.41547417640686035,0.528277575969696,-0.010153013891227239,1696619332478588797,
0.3415161967277527,-0.545400083065033,-0.024972667982712336,1696619332488635240,
-0.06201291084289551,-0.4121365547180176,-0.01692141995528813,1696619332500049360,
0.1766653060913086,0.496857225894928,-0.0063858435475361,1696619332508612690,
0.03396564722061157,0.43632256984710693,-0.00868820782856162,1696619332518618301,
-0.3233574628829956,-0.41820865869522095,-0.0156146882875098,1696619332531376415,
-0.17895281314849854,-0.31819450855255127,-0.025339500248462443,1696619332538600235,
0.2534085512161255,0.43943363428115845,-0.0148929333044623,1696619332548699881,
0.6597864031791687,0.31182271242141724,-0.014171781529051046,1696619332558617581,
-0.07947337627410889,-0.3770402669906616,-0.008782854456076558,1696619332568660775,
-0.031052112579345703,-0.30765193700790405,-0.0012236182980553084,1696619332579631920,
-0.04159754514694214,0.3206822872161865,-0.00015462650511265,1696619332588675687,
0.19198524951934814,0.13064181804656982,-0.008458150976708746,1696619332598841393,
0.1262366771697998,-0.16615617275238037,-0.005985008894582497,1696619332611350732,
0.16963469982147217,0.17859184741973877,0.00425901067964915,1696619332618725468,
0.2334045171737671,0.3034902811050415,0.013212358586863909,1696619332628702000,
-0.3120993375778198,-0.1522139310836792,0.019532797162822597,1696619332638724122,
-0.2299596667289734,-0.3809136152267456,0.02377052383115686,1696619332648751897,
0.12084776163101196,0.1623079776763916,0.02333945091054403,1696619332659919802,
0.5679650902748108,0.33634984493255615,0.022279209204459124,1696619332668728144,
0.30853575468063354,-0.2679411768913269,0.014782199998765623,1696619332678723121,
0.121853768825531,-0.44089633226394653,0.01118523751886983,1696619332691443538,
0.1235010027885437,0.4955310821533203,0.01438689271710697,1696619332698772426,
0.08860629796981812,0.370894193649292,0.006288638346194097,1696619332708825808,
0.08075481653213501,-0.6257674694061279,0.00852727873770805,1696619332718853412,
0.05521655082702637,-0.4322683811187744,0.012889233689793788,1696619332728825860,
0.280373752117157,0.4869292974472046,0.006978839987086561,1696619332739518018,
-0.03978973627090454,0.37028205394744873,-0.002352512973387142,1696619332748778430,
0.042639315128326416,-0.34231752157211304,-6.51686781427057e-05,1696619332758813934,
0.5205806493759155,-0.09032738208770752,0.00881852215321603,1696619332771409625,
0.7240028381347656,0.576722264289856,0.017682607319529687,1696619332778821127,
-0.03495222330093384,0.16690874099731445,0.009813797649272874,1696619332788869121,
-0.5517823696136475,-0.5315495729446411,0.00984919623051811,1696619332798935695,
-0.05360656976699829,0.19771027565002441,0.005906466155767371,1696619332808802404,
0.20500677824020386,0.1740923523902893,-0.001417126497642115,1696619332819628110,
0.08449912071228027,-0.578456699848175,-0.0068942129440826465,1696619332828839458,
-0.04363441467285156,-0.2847992181777954,-0.010697912466732238,1696619332838932433,
0.19751626253128052,0.4382917881011963,-0.013823270237490888,1696619332851881360,
-0.30369168519973755,0.08391797542572021,-0.039561385443622935,1696619332858863351,
-0.09649050235748291,-0.4356994032859802,-0.030018189673239937,1696619332868904875,
0.4225613474845886,0.25155502557754517,-0.02378039699323086,1696619332878878489,
0.3296965956687927,0.5343344807624817,-0.017917175468550574,1696619332888834040,
0.04954248666763306,-0.33745068311691284,-0.007140425057589981,1696619332899422659,
0.20587760210037231,-0.1583043336868286,0.000989558495783455,1696619332908875912,
0.45768558979034424,0.5514228940010071,0.0024702987286542503,1696619332918979579,
-0.319837749004364,-0.23265695571899414,0.00417888304526988,1696619332931430664,
-0.1606641411781311,-0.5476089119911194,0.0013373851086707932,1696619332938944111,
0.24237674474716187,0.30550074577331543,-0.009427701122483017,1696619332949150541,
0.20611095428466797,-0.2830890417098999,-0.01288279728314777,1696619332959121630,
0.13774502277374268,-0.03319990634918213,-0.006100347443672214,1696619332968921510,
0.03018587827682495,0.5037993788719177,0.0012044723237920815,1696619332980101349,
-0.44067203998565674,-0.2216935157775879,-0.0020381876060428686,1696619332988978505,
-0.275151789188385,-0.40057748556137085,-0.004324518029962001,1696619332999012659,
0.28062009811401367,0.4145132303237915,7.307745414003815e-05,1696619333011479643,
0.3121401071548462,0.1921389102935791,-0.004964056962652393,1696619333018885322,
-0.15508776903152466,-0.47356146574020386,-0.00859670116395954,1696619333028951914,
-0.410916268825531,-0.13595819473266602,-0.0077115679862274095,1696619333038974474,
-0.24254649877548218,0.07520431280136108,-0.003483006102656177,1696619333048958001,
0.10341686010360718,-0.3408461809158325,0.0012834921954639374,1696619333059907306,
0.19135528802871704,-0.029044687747955322,-0.0007369769013048118,1696619333068967904,
0.32137197256088257,0.469166100025177,-0.004922748619361611,1696619333078987376,
0.446615993976593,-0.04318368434906006,-0.0034712209653499624,1696619333091764513,
-0.09379160404205322,-0.2088531255722046,-0.00473729255176806,1696619333098976437,
-0.07787317037582397,0.36775749921798706,-0.003955408022140177,1696619333109029881,
0.05523872375488281,0.03259235620498657,-0.0065900251065365845,1696619333119051791,
0.026752352714538574,-0.3298608064651489,-0.008732280077247221,1696619333129017356,
-0.15731263160705566,0.3157561421394348,-0.011870932129763794,1696619333139451107,
-0.11775845289230347,0.16180598735809326,-0.021273655837260253,1696619333149032640,
0.20369428396224976,-0.5969692468643188,-0.01928405268605574,1696619333159036459,
0.15100640058517456,-0.08445560932159424,-0.00815613755462241,1696619333172206912,
-0.08398789167404175,0.22312134504318237,-0.013303399935677746,1696619333179065722,
0.24954593181610107,-0.1279938817024231,-0.01236601147789323,1696619333189098551,
0.1569010615348816,-0.051101505756378174,-0.012378348428005496,1696619333199180037,
-0.3430016040802002,0.24533933401107788,-0.013180227495220838,1696619333209098120,
-0.12720251083374023,0.03699755668640137,-0.017793493220405823,1696619333219429619,
-0.11281722784042358,-0.03371572494506836,-0.024320863270303753,1696619333229131724,
-0.19122737646102905,0.14025890827178955,-0.02447738105705293,1696619333239169035,
-0.11803436279296875,-0.24807047843933105,-0.0173794434208576,1696619333251448727,
0.5129331350326538,-0.11727255582809448,-0.025745607957902768,1696619333259151042,
0.026417076587677002,0.2409048080444336,-0.02778952118001773,1696619333269208323,
-0.48927903175354004,-0.1479196548461914,-0.03571593898768843,1696619333279277392,
0.02191019058227539,-0.17917776107788086,-0.032321446220954494,1696619333289209930,
0.13312548398971558,0.32564669847488403,-0.025470227787621192,1696619333299905716,
0.23131299018859863,0.07826435565948486,-0.021812077835809036,1696619333309237548,
0.09195137023925781,-0.23982775211334229,-0.004413378206704917,1696619333319258808,
-0.13286256790161133,0.2742665410041809,0.004240509458191934,1696619333331450519,
-0.38510382175445557,0.08080780506134033,0.0026480091118349165,1696619333339250961,
0.015507876873016357,-0.2817436456680298,-0.002096072778695393,1696619333349271765,
0.2251051664352417,0.37141191959381104,0.0037739959572253346,1696619333359366124,
0.40696918964385986,0.07508492469787598,0.01675030566693197,1696619333368309779,
0.24200916290283203,-0.4269298315048218,0.019106460084230444,1696619333379496748,
-0.059108078479766846,0.051450133323669434,0.02066066450256883,1696619333389313922,
0.14971739053726196,0.2989565134048462,0.01763206518398265,1696619333399337620,
-0.19176238775253296,-0.047381043434143066,0.011213635425974562,1696619333411750610,
0.21698445081710815,0.07902109622955322,0.012408564295529181,1696619333419400205,
0.003794550895690918,0.06721115112304688,0.004085375769628951,1696619333429402324,
-0.3264155983924866,-0.28692173957824707,-0.00387343253021227,1696619333439505563,
-0.5362452268600464,0.26444512605667114,-0.012334127254532918,1696619333449462203,
0.5909772515296936,-0.4974227547645569,-0.010262409806971158,1696619333459715708,
0.5239301323890686,0.31757426261901855,0.0017940681121633964,1696619333469515699,
-0.008450925350189209,0.2672837972640991,0.009084843253112214,1696619333479480767,
-0.15811234712600708,-0.07421678304672241,0.008049299636373568,1696619333491911027,
0.10028654336929321,0.10433757305145264,0.005289367605826931,1696619333499446120,
-0.5616763830184937,-0.1087409257888794,0.0040533094691711895,1696619333509471511,
-0.00561755895614624,-0.13453853130340576,0.006327844166700505,1696619333518556556,
0.05136662721633911,0.2705368399620056,-0.00457105860920735,1696619333529528058,
-0.31218963861465454,-0.5201429724693298,-0.013687174083828309,1696619333539495856,
-0.4298374056816101,-0.30435919761657715,-0.01629827626497399,1696619333549499596,
-0.31528109312057495,0.3443947434425354,-0.02519011197067915,1696619333559531294,
0.5025984048843384,0.0489766001701355,-0.028081250492662677,1696619333570569535,
0.38859087228775024,0.09646564722061157,-0.04006199363789962,1696619333578535096,
0.24752992391586304,0.1922275424003601,-0.02559390039196183,1696619333589608752,
-0.060833096504211426,-0.16163045167922974,-0.010796026681766597,1696619333599629337,
-0.2713986039161682,0.044994890689849854,-0.004557446492833758,1696619333609594307,
-0.4182049036026001,-0.2252090573310852,-0.010735809481404433,1696619333629677018,
-0.1495363712310791,-0.08655458688735962,-0.02116298117101924,1696619333639673230,
-0.11374914646148682,0.015979349613189697,-0.012721422020302674,1696619333651525640,
0.3306533694267273,-0.38899362087249756,3.4156403696603344e-05,1696619333659686208,
0.646265983581543,0.18072420358657837,0.005892446640207351,1696619333669706479,
0.30146104097366333,0.26574504375457764,0.007324461836032034,1696619333679801479,
-0.05957448482513428,-0.0664588212966919,0.0019291545573890646,1696619333689727502,
-0.22802859544754028,-0.010536611080169678,-0.006678289832501418,1696619333699794710,
0.13692468404769897,-0.08227044343948364,-0.00457966829798069,1696619333709715033,
-0.10347253084182739,0.09219616651535034,-0.005003458900470201,1696619333719765427,
0.0822024941444397,0.4101829528808594,-0.009033475528444804,1696619333733051244,
-0.46478813886642456,-0.3326568007469177,-0.013637948106247313,1696619333739793521,
-0.2476738691329956,-0.3855522871017456,-0.0036260480459070293,1696619333750115208,
0.029192209243774414,0.014865458011627197,-0.002621775726484384,1696619333759870976,
0.32574331760406494,0.17943859100341797,-0.009102149093687067,1696619333769835407,
0.18355387449264526,0.4144667387008667,-0.014561155311389662,1696619333779843696,
-0.49345749616622925,-0.03271293640136719,-0.010914133595159702,1696619333789825477,
-0.10483306646347046,-0.27050483226776123,-0.007554760816600949,1696619333799958045,
-0.21382790803909302,0.020468592643737793,-0.004538003266229433,1696619333811917834,
-0.06716638803482056,-0.02016770839691162,-0.007532467199037418,1696619333819846743,
0.02336829900741577,-0.25484800338745117,-0.014402076742452502,1696619333829940828,
-0.140078604221344,0.1122283935546875,-0.015578457751756283,1696619333839957461,
-0.0707440972328186,0.015188872814178467,-0.011850482193462424,1696619333849870292,
0.19976145029067993,0.23976939916610718,-0.011935270784891143,1696619333860148093,
0.7065302133560181,0.28781551122665405,-0.008248401792849537,1696619333869910108,
0.5126923322677612,-0.25826525688171387,-0.0033963325849941314,1696619333879915903,
0.30641496181488037,-0.03881537914276123,0.001586375340361712,1696619333891456693,
-0.04858130216598511,0.19919520616531372,0.0015717475952713089,1696619333899951563,
0.0924842357635498,-0.2637970447540283,-0.006558346189689718,1696619333909976509,
-0.21807163953781128,0.22250235080718994,-0.007131582224781745,1696619333922707876,
0.2855437994003296,-0.2256034016609192,-0.007320128128100519,1696619333929941003,
0.4085647463798523,-0.048645853996276855,-0.002711007824139484,1696619333940001801,
0.15214264392852783,0.3009713292121887,0.0003479821512660627,1696619333949996451,
-0.2616179585456848,-0.028061509132385254,0.005095372198020982,1696619333960060146,
-0.2682163119316101,-0.06900292634963989,0.004446919044927506,1696619333971510687,
-0.2837509512901306,0.04487287998199463,0.007215083276217862,1696619333980145236,
-0.23741769790649414,0.39505207538604736,0.0019975105097260848,1696619333990114035,
-0.22744405269622803,-0.6917604804039001,-0.0038275666575821907,1696619334000083983,
0.3054649829864502,-0.42927712202072144,0.007468907666943904,1696619334010094446,
0.031606435775756836,0.4720451831817627,0.016014709781904085,1696619334020083416,
0.044396281242370605,0.10241979360580444,0.016453080758784926,1696619334030067013,
-0.013037323951721191,0.26675641536712646,0.017439874443168038,1696619334040062380,
-0.10207003355026245,-0.3357308506965637,0.011494714306020259,1696619334050576157,
0.4059804677963257,-0.2449355125427246,0.02284821351509301,1696619334060122777,
0.8066200017929077,0.6458526253700256,0.023942279905876433,1696619334070115716,
0.3267706632614136,-0.45293331146240234,0.008281124823036277,1696619334080156590,
0.03372746706008911,-0.1390308141708374,-0.005431710357538592,1696619334089363504,
-0.16551923751831055,-0.20608282089233398,-0.03266782915279895,1696619334100188663,
0.22222459316253662,-0.11772042512893677,-0.049852879194196294,1696619334110147512,
0.7747227549552917,0.713134765625,-0.048616384001001926,1696619334120156416,
-0.2500285506248474,-0.5087661743164062,-0.04279747775194338,1696619334132188975,
-0.2924525737762451,-0.17334890365600586,-0.040386813833145324,1696619334140197405,
0.19194698333740234,0.36204516887664795,-0.02536913668911565,1696619334150229075,
-0.15179044008255005,0.22051525115966797,-0.038986540793014605,1696619334170224985,
0.025843799114227295,-0.9580021500587463,-0.04886768486023819,1696619334180289159,
0.5276052951812744,-0.30391842126846313,-0.035880853948991175,1696619334190255183,
0.448205828666687,0.8663206100463867,-0.03423238056135997,1696619334200261128,
-0.21959465742111206,-0.0383983850479126,-0.04162539709994275,1696619334211493629,
0.07826459407806396,-0.04190659523010254,-0.052356778446305555,1696619334220333870,
-0.3973691463470459,-0.7407814860343933,-0.040394708557345047,1696619334230302760,
-0.051092684268951416,0.21909445524215698,-0.02513741421814665,1696619334242878309,
0.27862125635147095,0.7419882416725159,-0.051135670434782614,1696619334250400400,
-0.0785132646560669,-0.5594361424446106,-0.047579884737312304,1696619334259384532,
-0.15082037448883057,-0.3756471276283264,-0.023115735672304134,1696619334269769774,
0.12512356042861938,-0.09187442064285278,-0.011522736746610026,1696619334280427134,
0.3046192526817322,0.5300301909446716,-0.0071057832097149885,1696619334291835046,
0.21694797277450562,0.27781540155410767,-0.012251409531600194,1696619334300350998,
-0.18815743923187256,-0.3031153678894043,-0.017909383735844647,1696619334310415340,
-0.5166364908218384,-0.1321927309036255,-0.015105866161252859,1696619334322623692,
-0.24790048599243164,-0.06277287006378174,-0.028160084228732382,1696619334330432863,
-0.04822134971618652,-0.0486295223236084,-0.0319204746511266,1696619334340440307,
0.036601364612579346,0.10722231864929199,-0.04026482974259132,1696619334350489956,
0.5239460468292236,-0.02355968952178955,-0.04427812177430981,1696619334360512809,
0.19611376523971558,0.3214728832244873,-0.04240450945736845,1696619334370537930,
-0.2275673747062683,-0.023617208003997803,-0.04025104678657429,1696619334380476955,
-0.5018901228904724,-0.029219388961791992,-0.03988698363690065,1696619334390497672,
-0.42823344469070435,-0.07940375804901123,-0.02475892614276375,1696619334403483002,
-0.3299816846847534,-0.29854124784469604,-0.030831005271374008,1696619334410515112,
0.16968131065368652,0.4580809473991394,-0.011835146166160116,1696619334420634494,
0.7016294002532959,-0.3816761374473572,-0.0024842488569318897,1696619334430594258,
0.33576762676239014,-0.09765851497650146,-0.009687023683510926,1696619334439553203,
-0.18013399839401245,0.0989450216293335,-0.013223685373366606,1696619334451958777,
-0.27577298879623413,0.1589353084564209,-0.028482734504852284,1696619334459614362,
-0.21761995553970337,0.6017369031906128,-0.03175892208648277,1696619334470681668,
-0.3769320249557495,-0.3592432141304016,-0.02613848629929459,1696619334482638038,
0.061118125915527344,0.19238823652267456,-0.030683517901690414,1696619334490856025,
0.16663527488708496,-0.47316378355026245,-0.01799935483930196,1696619334500666256,
0.2983282804489136,0.4246894121170044,-0.0016793716830155753,1696619334510693348,
-0.3910036087036133,-0.47051477432250977,-0.004436470879043719,1696619334520647376,
-0.06141102313995361,0.3542700409889221,-0.003930520661223997,1696619334530584937,
0.1432572603225708,0.16770637035369873,-0.00599248239418564,1696619334540680893,
-0.04091864824295044,-0.4378564953804016,-0.012434931782144219,1696619334550682385,
-0.1405247449874878,-0.3974284529685974,-0.007652756024724263,1696619334570670305,
-0.28389424085617065,0.08276069164276123,-0.015024831815539345,1696619334580720744,
0.02921450138092041,0.0077408552169799805,-0.027038909660400585,1696619334590802613,
0.1083521842956543,-0.3582645058631897,-0.03279379322890543,1696619334600744077,
0.23394519090652466,0.6848893165588379,-0.025233923160687247,1696619334611591718,
-0.09997200965881348,-0.4668632745742798,-0.04109485090492573,1696619334620763688,
-0.21705812215805054,-0.02913731336593628,-0.04079881145710566,1696619334630814179,
-0.057809293270111084,0.19311964511871338,-0.033674540156225695,1696619334643785958,
-0.2946610450744629,-0.25058215856552124,-0.0707839525691727,1696619334650774742,
0.04061371088027954,0.20718437433242798,-0.04147090102970824,1696619334661127584,
-0.04832106828689575,-0.730385959148407,-0.0366806508228429,1696619334670896712,
0.1347755789756775,-0.08551830053329468,-0.023220447849425528,1696619334681015527,
0.28032606840133667,0.3477940559387207,-0.024449755411879635,1696619334691526643,
-0.18524128198623657,-0.047682225704193115,-0.043147869439269564,1696619334700853112,
-0.03474980592727661,0.24203413724899292,-0.04921682000978571,1696619334711115244,
-0.056392133235931396,-0.4961584806442261,-0.04405246020804021,1696619334723681300,
0.01041114330291748,0.36933672428131104,-0.07615391310054515,1696619334730877318,
-0.37509292364120483,0.4337562918663025,-0.06209152537098817,1696619334740896414,
-0.16496741771697998,-0.5812231302261353,-0.051585218944366615,1696619334750953239,
0.05653536319732666,-0.004910588264465332,-0.030405962059305243,1696619334760910772,
0.4014265537261963,-0.14591503143310547,-0.014351660076705632,1696619334771947271,
0.584687352180481,0.42113804817199707,-0.009478798129894602,1696619334780922324,
-0.05431407690048218,0.09884607791900635,-0.019334521856621396,1696619334790961093,
-0.13077151775360107,-0.3114434480667114,-0.020271213331728797,1696619334803504040,
-0.22460103034973145,0.21777331829071045,-0.032668597165636686,1696619334810949434,
-0.2107136845588684,-0.2238805890083313,-0.023556195649514854,1696619334821018792,
0.018249034881591797,-0.16000378131866455,-0.020904310484503894,1696619334831022767,
-0.03636741638183594,0.09394365549087524,-0.018709371058633677,1696619334841007188,
0.09305888414382935,-0.13831424713134766,-0.011230848356784015,1696619334851893817,
0.2914022207260132,0.6589720249176025,-0.015798657409694248,1696619334861021272,
-0.02051180601119995,-0.332252562046051,-0.016172054922809945,1696619334871331888,
0.013909578323364258,-0.041886329650878906,-0.008683964007230828,1696619334882615767,
-0.10906583070755005,0.04522883892059326,-0.0159225735521694,1696619334891103931,
-0.29886430501937866,-0.2802857756614685,-0.017693233991262634,1696619334901102153,
0.11341726779937744,0.31633520126342773,-0.022176735072338746,1696619334911194638,
0.05228608846664429,-0.6239686012268066,-0.023076713719264834,1696619334921118456,
0.24289238452911377,0.010241091251373291,-0.02200314214675185,1696619334931527762,
0.045042991638183594,0.37988168001174927,-0.03230037191944181,1696619334941112745,
-0.0697869062423706,-0.09909164905548096,-0.02984394042234511,1696619334951135716,
-0.11256206035614014,-0.2947176694869995,-0.037123384926843035,1696619334971165330,
-0.14581096172332764,0.18584829568862915,-0.037953819638666036,1696619334981173870,
-0.1742563247680664,-0.08593475818634033,-0.0391948743352456,1696619334991253099,
0.34302234649658203,0.26353007555007935,-0.026987289149557277,1696619335001526090,
0.13283532857894897,-0.360421359539032,-0.020655287976479583,1696619335011819860,
-0.044585227966308594,0.4140581488609314,-0.016829092211699134,1696619335021331114,
0.05204617977142334,0.1736356019973755,-0.01598800700184451,1696619335031358658,
0.143720805644989,-0.2864242196083069,-0.01570319195322579,1696619335043660590,
-0.07352674007415771,0.5140710473060608,-0.01784689717799658,1696619335051208500,
-0.32207995653152466,-0.4580206274986267,-0.015490378297510212,1696619335061268386,
-0.08473259210586548,-0.05022662878036499,-0.015420799893028575,1696619335071328293,
0.1293308138847351,-0.1499822735786438,-0.01609603912796691,1696619335081269507,
-0.015967845916748047,0.015527188777923584,-0.01300034779669281,1696619335091969469,
0.24035990238189697,0.75135338306427,-0.01048535361280766,1696619335101274164,
-0.1975688934326172,-0.4776073098182678,-0.011885960927245944,1696619335111307887,
-0.1260814666748047,0.32090842723846436,0.0020482280875180076,1696619335123837887,
0.13332366943359375,0.18445813655853271,0.010757469791077673,1696619335131294544,
-0.00023132562637329102,-0.20545625686645508,0.00013673734771538974,1696619335140383248,
0.3240020275115967,-0.02610701322555542,-0.0023237429535837234,1696619335151400956,
0.009619176387786865,-0.842638373374939,-0.009151132691982412,1696619335161330120,
0.02271127700805664,-0.05694913864135742,-0.013776574918152535,1696619335171893045,
-0.30052632093429565,0.19270044565200806,-0.03557300788431278,1696619335180361564,
-0.1560158133506775,-0.06495994329452515,-0.04543090776516109,1696619335190417085,
-0.007874488830566406,0.15190869569778442,-0.04645584464572354,1696619335202651747,
-0.08884632587432861,-0.22503995895385742,-0.07534538943936293,1696619335211399402,
0.0796743631362915,0.6049680709838867,-0.06363753987833946,1696619335221491549,
-0.4580935835838318,0.13379955291748047,-0.06466066990229451,1696619335231491337,
-0.03652089834213257,-0.7735124826431274,-0.05402390458430402,1696619335241458463,
0.25986844301223755,-0.08410298824310303,-0.03255816770669033,1696619335251580552,
0.30158430337905884,0.16059136390686035,-0.027516804951570203,1696619335260906135,
0.07694011926651001,0.27764832973480225,-0.02739655093463602,1696619335271505525,
-0.0611761212348938,-0.04214596748352051,-0.027058384338227947,1696619335284256853,
-0.22738713026046753,-0.22355884313583374,-0.04083222948200648,1696619335291494311,
-0.1442430019378662,0.40635329484939575,-0.02306572132271661,1696619335300535936,
0.4241185784339905,-0.07138574123382568,-0.016463982984166965,1696619335310549818,
-0.025806963443756104,-0.4966851472854614,-0.003288564116749959,1696619335321595742,
0.03733915090560913,-0.12134909629821777,0.007737494489751453,1696619335330557839,
0.12018007040023804,0.08435201644897461,0.004694787758760966,1696619335341593610,
-0.03776329755783081,0.5426377058029175,-0.004540538044936319,1696619335351636199,
0.09595286846160889,0.002012908458709717,-0.01536768551276289,1696619335371896849,
-0.14922231435775757,0.2542378902435303,-0.01990058109540546,1696619335381667298,
-0.26548731327056885,0.05001235008239746,-0.019836080794749154,1696619335391685292,
0.1476401686668396,0.0489383339881897,-0.011712694465850108,1696619335401664690,
0.121615469455719,-0.6175052523612976,-0.005919386099540991,1696619335412320920,
0.16258853673934937,0.023830175399780273,-0.009640736622835601,1696619335421687974,
0.058699190616607666,0.13207072019577026,-0.01710391160796875,1696619335431736559,
0.15810614824295044,-0.027193665504455566,-0.022261881463257773,1696619335442674034,
0.041864871978759766,0.19195932149887085,-0.03421323389128023,1696619335451700009,
-0.29455286264419556,-0.0702630877494812,-0.030425047686774623,1696619335462000256,
-0.44361281394958496,0.04016786813735962,-0.031127230833499327,1696619335471805889,
-0.18923062086105347,-0.351784884929657,-0.026011589481936548,1696619335481794285,
0.3530692458152771,-0.12621945142745972,-0.015208854532264483,1696619335491830873,
0.5386947393417358,0.25831764936447144,-0.012196353281440144,1696619335501835708,
-0.07521021366119385,-0.09811133146286011,-0.01687903745054565,1696619335512073290,
-0.16628456115722656,-0.05964690446853638,-0.023403666649027103,1696619335524102742,
-0.5769673585891724,0.02063053846359253,-0.04159446133771184,1696619335532025721,
0.010948240756988525,0.23342502117156982,-0.032867257166086655,1696619335541859535,
-0.11276888847351074,-0.36066102981567383,-0.025091109265945478,1696619335551883727,
0.19523370265960693,-0.011064410209655762,-0.007992860368108447,1696619335561865452,
-0.10844802856445312,-0.3269433379173279,0.0027319435640897486,1696619335571900378,
0.19167619943618774,0.3203321695327759,0.009559621407757861,1696619335581946329,
-0.01882302761077881,0.46409904956817627,0.00527362148428519,1696619335591893199,
-0.07973462343215942,-0.29223960638046265,-0.0019178976507348068,1696619335604024203,
0.21245747804641724,0.20403075218200684,0.005075795558110386,1696619335611924552,
-0.21007448434829712,-0.04786747694015503,0.004016067261356323,1696619335621904917,
0.030065417289733887,0.035487234592437744,0.009285218666848744,1696619335632026936,
-0.02717691659927368,-0.02984088659286499,0.018286385160256716,1696619335641951878,
-0.10567259788513184,-0.5414934158325195,0.021473464245011162,1696619335651979440,
0.5598447322845459,0.10225874185562134,0.02702194332706596,1696619335661944184,
0.20148873329162598,0.05668395757675171,0.01448043018617526,1696619335671984053,
-0.05293399095535278,0.1258530616760254,-0.0032390318353838227,1696619335683789377,
0.12150627374649048,0.056433916091918945,-0.02640724154079376,1696619335691966825,
-0.12964105606079102,-0.2907823920249939,-0.03459226045363017,1696619335702243416,
-0.38710451126098633,0.24033433198928833,-0.042727660451875656,1696619335712045473,
-0.30663853883743286,-0.1226731538772583,-0.04763949053343717,1696619335722151304,
0.1775120496749878,-0.5317406058311462,-0.03489313454269618,1696619335732230800,
0.0848003625869751,-0.09113502502441406,-0.017267706480027255,1696619335742023261,
0.1978849172592163,0.11110752820968628,-0.010443100604639703,1696619335752157321,
0.3173413872718811,0.38356244564056396,-0.007185428898697242,1696619335762626715,
-0.09351557493209839,0.130498468875885,-0.01875530988400299,1696619335772130813,
-0.3494788408279419,-0.15861386060714722,-0.02437528636699976,1696619335782322395,
-0.11338263750076294,0.21924924850463867,-0.021429554427021297,1696619335792158275,
-0.06565195322036743,-0.26802748441696167,-0.02585908642357176,1696619335802156790,
-0.10322749614715576,-0.05313938856124878,-0.025072738185314712,1696619335822181507,
0.1497475504875183,0.17393547296524048,-0.02960652057447183,1696619335832390859,
0.7046633362770081,0.5470236539840698,-0.029464699157647524,1696619335843753225,
0.27367478609085083,-0.05664020776748657,-0.038142174493166967,1696619335852157124,
-0.15601903200149536,-0.04709810018539429,-0.020973865070881226,1696619335862415969,
-0.14417755603790283,-0.03333771228790283,-0.017077046376635555,1696619335872202589,
-0.3519749641418457,-0.030276119709014893,-0.019710108266679092,1696619335882241974,
-0.18230116367340088,-0.15388965606689453,-0.017442028611369526,1696619335892264225,
0.2984668016433716,-0.29232102632522583,-0.012257076608363556,1696619335902204662,
0.5246274471282959,0.11829453706741333,-0.005336509176388097,1696619335912286740,
-0.24200206995010376,0.13687974214553833,-0.0015162610321909076,1696619335924012498,
-0.12120884656906128,0.1586495041847229,-0.007454625056684463,1696619335932263561,
0.09918069839477539,0.2117762565612793,-0.009744148928714986,1696619335942341576,
-0.20894932746887207,0.0504876971244812,-0.009016700030508197,1696619335954894109,
-0.21107405424118042,-0.062193453311920166,-0.01279740369151582,1696619335962333593,
-0.06725013256072998,-0.4987291097640991,-0.0035811418920013273,1696619335972349715,
0.698777437210083,0.12589353322982788,-0.005296091945578686,1696619335982322470,
0.13990914821624756,-0.024929523468017578,-0.01124597190535999,1696619335992358296,
-0.08279979228973389,-0.07823425531387329,-0.018561627610741347,1696619336003673414,
-0.10901516675949097,0.172718346118927,-0.03921046155001966,1696619336012439772,
-0.053217530250549316,-0.1125108003616333,-0.04293343964588842,1696619336021449091,
-0.31046438217163086,-0.1768973469734192,-0.030043110582309955,1696619336035020507,
-0.04632580280303955,-0.0592503547668457,-0.05396740980715368,1696619336042473989,
0.02701544761657715,-0.06363660097122192,-0.04354095306862208,1696619336050605458,
-0.5525133013725281,-0.215401291847229,-0.03522679474844304,1696619336061398151,
-0.04395115375518799,0.3609549403190613,-0.03549207096760612,1696619336072708117,
0.45026254653930664,0.07601714134216309,-0.0412623525043713,1696619336082962729,
-0.16289442777633667,0.05684381723403931,-0.03958873418772104,1696619336092451839,
-0.1107933521270752,0.21916288137435913,-0.028434243338221015,1696619336102488681,
-0.17496991157531738,-0.0882483720779419,-0.019797201771487263,1696619336122516449,
0.1772480010986328,-0.361922025680542,-0.0003692243186241441,1696619336132589966,
0.41667628288269043,-0.2065398097038269,0.004912696269428643,1696619336142498358,
0.4738317131996155,-0.20600855350494385,0.0029169048631187845,1696619336152708691,
-0.5122986435890198,0.05128544569015503,-0.008556455916758854,1696619336163809476,
-0.37663716077804565,0.367676317691803,-0.0254347461777831,1696619336172590433,
-0.07270973920822144,0.02839130163192749,-0.03316272290046282,1696619336182798397,
0.4323153495788574,0.04488402605056763,-0.030146929539400995,1696619336195031782,
0.25224149227142334,0.2126951813697815,-0.0346301450500752,1696619336202586582,
-0.2579948306083679,-0.07747864723205566,-0.020178427625040768,1696619336212660406,
0.18118762969970703,-0.536565363407135,-0.016247987581607927,1696619336222605435,
-0.1009708046913147,-0.26349323987960815,-0.011191519808255477,1696619336232727249,
-0.20077157020568848,0.22595220804214478,-0.01654555955749296,1696619336244067987,
0.3037007451057434,0.0444832444190979,-0.04257825310251598,1696619336252620642,
0.783594012260437,0.10200756788253784,-0.050394724269412224,1696619336262733927,
-0.4655112624168396,-0.08656680583953857,-0.040581782239536304,1696619336275312238,
-0.39710068702697754,0.08056837320327759,-0.06276407101188597,1696619336282675036,
0.22758102416992188,-0.14102184772491455,-0.04275591861870054,1696619336292697071,
-0.2621123790740967,-0.3619113564491272,-0.03353370130160837,1696619336302718331,
0.02530282735824585,-0.016535520553588867,-0.029677148902719025,1696619336312769566,
0.05617469549179077,0.2365218997001648,-0.03202009837168992,1696619336323776350,
0.2969658374786377,0.35568875074386597,-0.0462601345355754,1696619336332815981,
-0.22564995288848877,0.12317979335784912,-0.05019649270716627,1696619336342771222,
-0.18930619955062866,-0.1671730875968933,-0.03797676971135601,1696619336355358336,
-0.175004243850708,0.29062747955322266,-0.049070830726507135,1696619336362771981,
-0.10578203201293945,0.19597280025482178,-0.021067877308722713,1696619336372862817,
0.28203392028808594,-0.5118511319160461,0.002353252247736167,1696619336382865704,
0.1699792742729187,-0.08822298049926758,0.013620860574339833,1696619336393134580,
0.43259572982788086,-0.06946694850921631,0.01196847521198533,1696619336403722903,
0.005587399005889893,0.047315776348114014,0.0061296042100379994,1696619336412834173,
-0.3623865246772766,0.20884758234024048,-0.01332350674475692,1696619336423097467,
-0.3564668893814087,0.10277789831161499,-0.01973202636978806,1696619336435879508,
0.2370888590812683,0.47780841588974,-0.04511467716922297,1696619336442849325,
0.11618977785110474,-0.1997557282447815,-0.026850115164159676,1696619336452940345,
0.18035781383514404,-0.37881916761398315,-0.009658262804431413,1696619336462882098,
0.6410886645317078,0.032244205474853516,-0.0044114720111020555,1696619336473022558,
-0.21134644746780396,-0.5589538812637329,-0.006773259392993066,1696619336483735130,
-0.4291161894798279,0.3101722002029419,-0.020684761017553482,1696619336492928081,
-0.1929033398628235,-0.019048213958740234,-0.03422166459635895,1696619336503127746,
-0.12516409158706665,0.1692783236503601,-0.03376198774822094,1696619336515823679,
0.0958135724067688,0.22372084856033325,-0.0627376855198813,1696619336523763572,
-0.1406773328781128,-0.5821478962898254,-0.04367578063523005,1696619336533827552,
-0.0022437572479248047,0.0729595422744751,-0.035118697017960096,1696619336543741993,
-0.26695626974105835,0.40214043855667114,-0.03734649680087789,1696619336553896555,
0.21005499362945557,0.39278584718704224,-0.04194467926422563,1696619336563817914,
0.1353917121887207,-0.27986031770706177,-0.04566925771452684,1696619336573764665,
0.16042804718017578,0.2140864133834839,-0.04194875002924164,1696619336583744133,
-0.12858915328979492,-0.03812903165817261,-0.03325088383883917,1696619336596054186,
-0.3949927091598511,-0.06091970205307007,-0.053803424353848175,1696619336603772439,
-0.10913556814193726,-0.2879050374031067,-0.03020302578988926,1696619336613778909,
-0.08713293075561523,-0.5217533707618713,-0.011666913621656647,1696619336623941739,
0.11927157640457153,0.28682488203048706,0.006527603466530161,1696619336633775841,
0.24035215377807617,-0.15657812356948853,0.01046757852625053,1696619336643961162,
-0.041287243366241455,0.12660318613052368,0.008120494131825695,1696619336653734457,
-0.06893110275268555,0.26256227493286133,0.0020438830786597647,1696619336663751733,
0.2606600522994995,0.15272992849349976,-0.006070317468868875,1696619336676173472,
0.6081286668777466,0.44177013635635376,-0.022011756826345943,1696619336683984234,
-0.23459619283676147,-0.16295993328094482,-0.02029347244090852,1696619336693788186,
-0.20217514038085938,-0.29423218965530396,-0.009193757261599931,1696619336703766941,
0.18247878551483154,-0.1671067476272583,0.005407357192805586,1696619336723811199,
0.3297741413116455,0.2679781913757324,-0.004773326850624972,1696619336733794601,
0.08420956134796143,-0.016024410724639893,-0.02320185792461863,1696619336743774882,
0.06297224760055542,0.20871621370315552,-0.031215149466556992,1696619336756195212,
-0.2155253291130066,0.15944808721542358,-0.06757467168615404,1696619336763764834,
-0.2309877872467041,0.00011366605758666992,-0.05516619854858903,1696619336773885284,
-0.161152184009552,-0.04880046844482422,-0.05482188961620986,1696619336783763891,
-0.021693706512451172,-0.4050315022468567,-0.04403234623688185,1696619336793997010,
-0.08429574966430664,0.005683183670043945,-0.030819404573095156,1696619336804099123,
-0.26986396312713623,0.216896653175354,-0.023252016395320655,1696619336813801784,
0.21139585971832275,0.013186156749725342,-0.02130144029259732,1696619336823866780,
0.20240014791488647,0.3255739212036133,-0.02233748304865179,1696619336836111960,
-0.17066693305969238,-0.24090486764907837,-0.03713988867965027,1696619336843780101,
-0.2555212378501892,0.17569184303283691,-0.02352294727503078,1696619336853846279,
0.015890777111053467,0.0396115779876709,-0.021545282624702143,1696619336863846484,
-0.018821358680725098,-0.6453477740287781,-0.013998725600522786,1696619336873813628,
0.11399275064468384,0.3090919852256775,-0.01024239948388896,1696619336883834828,
0.06348860263824463,-0.2104700207710266,-0.011376755688085586,1696619336893809628,
0.0992770791053772,0.062613844871521,-0.016218227802761036,1696619336903792046,
0.2050771713256836,0.41701316833496094,-0.024657020495866346,1696619336915811689,
-0.28006982803344727,0.15717732906341553,-0.040249277990054566,1696619336923810474,
0.07231539487838745,0.5146024227142334,-0.03459065785753302,1696619336933865567,
0.04654967784881592,-0.8107671141624451,-0.021476995926926687,1696619336943805855,
0.02023559808731079,-0.2297472357749939,4.754218428802926e-05,1696619336953830652,
0.3940368890762329,0.3552401065826416,-0.008050693408876883,1696619336963844826,
0.03139376640319824,-0.5430895090103149,-0.02100756163200407,1696619336973851344,
-0.10356301069259644,0.324101984500885,-0.038360899228120984,1696619336983951933,
-0.2578476667404175,0.004628896713256836,-0.04218891212360773,1696619336996272147,
0.024165987968444824,0.6083596348762512,-0.06531104556996034,1696619337003825024,
0.31177932024002075,0.13484787940979004,-0.0412890707725559,1696619337014076624,
-0.23791658878326416,-0.7306160926818848,-0.02306643640516255,1696619337023861759,
-0.03396064043045044,0.20198237895965576,-0.013728071385027305,1696619337033999566,
0.08570492267608643,-0.7811853885650635,-0.020462361850399336,1696619337043941412,
-0.1483284831047058,0.17554748058319092,-0.029347151427001124,1696619337054014919,
-0.21082377433776855,-0.1934499740600586,-0.04550276640345319,1696619337064151140,
-0.029015839099884033,0.818739116191864,-0.049424245943250476,1696619337075750445,
0.09477406740188599,-0.11584734916687012,-0.08111618619647266,1696619337084008512,
-0.15449488162994385,0.07983344793319702,-0.06046691029946978,1696619337094454848,
0.06324535608291626,-0.3888068199157715,-0.053989727790750494,1696619337103954522,
0.06314337253570557,-0.541944146156311,-0.03722577395065689,1696619337113881631,
0.05682981014251709,0.4273310899734497,-0.021805804611448116,1696619337124003507,
-0.2796350121498108,-0.473671019077301,-0.026547917846218787,1696619337133950195,
-0.2576497793197632,-0.16714394092559814,-0.0314657242564299,1696619337144020339,
-0.0073888301849365234,0.19005531072616577,-0.032290995611281605,1696619337155952072,
0.08499205112457275,0.2968916893005371,-0.055128730807472257,1696619337163889242,
0.43605875968933105,0.7723867893218994,-0.049652069641810785,1696619337174023254,
0.061593055725097656,-0.6729522347450256,-0.05058337939206237,1696619337183939079,
-0.2016705870628357,-0.2353198528289795,-0.025971889502513452,1696619337194012809,
0.16181093454360962,-0.12604373693466187,-0.014423378562550524,1696619337204044200,
0.14041680097579956,-0.1820056438446045,-0.021554695722579502,1696619337214014322,
0.03672432899475098,0.2836019992828369,-0.033446922721003,1696619337223992301,
-0.20750951766967773,-0.19391250610351562,-0.03532636753562636,1696619337236640299,
0.16185981035232544,0.3195938467979431,-0.0653375368362434,1696619337244035262,
-0.04759126901626587,0.38383084535598755,-0.04963431338946455,1696619337254050566,
0.34560269117355347,-0.31514692306518555,-0.03571834885299941,1696619337264196328,
0.31406015157699585,0.06535333395004272,-0.01672653034817074,1696619337274068977,
0.03882467746734619,-0.4997641444206238,-0.007018692650858228,1696619337284097930,
-0.11278349161148071,0.13195711374282837,-0.0018048045967671324,1696619337294039224,
-0.40390121936798096,0.4583702087402344,-0.01136075287490842,1696619337304093680,
-0.2779352068901062,-0.05808377265930176,-0.02185165310754187,1696619337316110503,
0.1802462935447693,0.28526240587234497,-0.05390181090407884,1696619337324051144,
0.3018708825111389,-0.36469733715057373,-0.056490526859079196,1696619337334085402,
-0.16372555494308472,0.06669211387634277,-0.047441878231331225,1696619337353979154,
-0.12750309705734253,-0.8452650904655457,-0.03627103302512157,1696619337364641433,
-0.2806064486503601,0.1975916624069214,-0.028171652181393787,1696619337373978323,
0.06698215007781982,-0.20285671949386597,-0.023095964263113677,1696619337383948145,
0.29603761434555054,0.49210691452026367,-0.025133573805487565,1696619337395889635,
0.20157599449157715,0.44941002130508423,-0.05775762068426341,1696619337403965032,
-0.39688581228256226,0.013510346412658691,-0.047502210851340404,1696619337414011850,
0.24129515886306763,0.49877601861953735,-0.03823201002600449,1696619337424097079,
-0.07593393325805664,-0.6723440885543823,-0.014523062604922017,1696619337434034856,
0.24070948362350464,-0.032301902770996094,0.013690773960504207,1696619337444105191,
0.26334428787231445,0.20549267530441284,0.01536745536180414,1696619337454044115,
-0.29135364294052124,-0.30586540699005127,0.010821898455194824,1696619337464057869,
-0.037050724029541016,0.37167590856552124,0.0010605311424935597,1696619337475899138,
-0.5011041760444641,-0.46938562393188477,-0.012645489052586336,1696619337484068853,
-0.07123303413391113,0.5665990710258484,-0.019893336703581344,1696619337494268957,
0.3450925350189209,0.017562270164489746,-0.029159651944997346,1696619337504144809,
0.5029046535491943,-0.5990073680877686,-0.021011600078392166,1696619337514109852,
0.1901828646659851,0.18786537647247314,-0.010856399252206031,1696619337524169352,
-0.34419310092926025,-0.6333969831466675,-0.00512300706701775,1696619337534162768,
-0.18893873691558838,0.42358553409576416,-0.01248564290416882,1696619337544144531,
-0.4012458920478821,0.06090050935745239,-0.02246078858068905,1696619337556274075,
0.03512287139892578,-0.1596350073814392,-0.03941247560471658,1696619337564237012,
0.5809339284896851,0.8305931091308594,-0.041486860240751364,1696619337574533851,
-0.34124743938446045,-0.052902936935424805,-0.046957427023704895,1696619337584467739,
-0.24700438976287842,-0.40176719427108765,-0.04532402482775104,1696619337594306293,
-0.3057010769844055,-0.30402231216430664,-0.04183556461915792,1696619337604292199,
0.10031753778457642,0.42048877477645874,-0.03485882200470106,1696619337614235225,
0.2749984860420227,-0.38113951683044434,-0.03944203056658974,1696619337624241538,
-0.001674354076385498,-0.1943749189376831,-0.03027006770754154,1696619337636230900,
0.19291460514068604,0.1724085807800293,-0.04140669151273313,1696619337644251782,
0.1212727427482605,0.32485175132751465,-0.041713619250663074,1696619337654297487,
-0.22846484184265137,0.5122919678688049,-0.05638069631579802,1696619337664301115,
-0.4509263038635254,-0.6987316012382507,-0.06890766145351108,1696619337674342072,
0.01721590757369995,-0.29727596044540405,-0.053588403618333405,1696619337684336775,
0.04600554704666138,0.2371586561203003,-0.02775804992958236,1696619337694341129,
0.0996735692024231,0.046635985374450684,-0.012863133577449767,1696619337704304155,
0.2020896077156067,0.21125179529190063,-0.0046678959163627895,1696619337715867331,
-0.16735678911209106,-0.06377899646759033,-0.010821018599422734,1696619337724330959,
0.08625829219818115,0.35423386096954346,-0.01211226039390389,1696619337734520405,
0.26618242263793945,0.42809438705444336,-0.018863465123922445,1696619337744441841,
0.28656846284866333,-0.16140049695968628,-0.030526716501232957,1696619337754439879,
-0.2421168088912964,-0.21656441688537598,-0.026703595865812724,1696619337764475257,
-0.03817528486251831,-0.528701901435852,-0.016085739400929576,1696619337774492885,
-0.05632472038269043,-0.13294517993927002,-0.008064172998562812,1696619337784406853,
0.08605676889419556,0.22179490327835083,-0.006973403254007992,1696619337795776398,
0.1701129674911499,-0.1027185320854187,-0.012844622511510053,1696619337804434279,
0.18387901782989502,0.32222533226013184,-0.01110300444304257,1696619337814493539,
0.14300864934921265,-0.05572032928466797,-0.011731744218991645,1696619337826864146,
-0.2374987006187439,0.15909194946289062,-0.020299093901496756,1696619337833527136,
-0.27196478843688965,-0.1299130916595459,-0.010780518127603693,1696619337842558448,
-0.22711235284805298,-0.26874780654907227,-0.005352212983007166,1696619337854607475,
0.2624821066856384,0.494952917098999,-0.004199116035909183,1696619337863649687,
-0.16943591833114624,-0.08745080232620239,-0.002541076901621377,1696619337876609532,
-0.06892549991607666,0.18793106079101562,-0.011794031998088305,1696619337883557474,
-0.023315370082855225,0.006262779235839844,-0.01123994688068003,1696619337894622835,
-0.2531645894050598,0.316619336605072,-0.012848169588407751,1696619337907174036,
-0.10490250587463379,0.238572895526886,-0.030923013649159947,1696619337914598717,
-0.06540614366531372,-0.8726534247398376,-0.018506201447367247,1696619337924670265,
0.546217143535614,-0.13399142026901245,-0.010719588856569838,1696619337934639107,
-0.10677766799926758,0.1459680199623108,-0.010314533975704733,1696619337944591263,
-0.09318411350250244,0.28350508213043213,-0.013424657443786871,1696619337955896432,
-0.24426919221878052,-0.014785826206207275,-0.023859519230140555,1696619337964637918,
-0.029661893844604492,-0.6888011693954468,-0.015272689378326602,1696619337974708899,
0.4713045358657837,0.38023656606674194,-0.022630683091407817,1696619337995000722,
0.14206355810165405,-0.022858142852783203,-0.032838359863860384,1696619338004705606,
-0.26927971839904785,-0.33927249908447266,-0.0326037820714608,1696619338014826894,
-0.5894455909729004,-0.7620535492897034,-0.025044956958211562,1696619338024731561,
-0.27349746227264404,0.36448854207992554,-0.025278177634803195,1696619338035938785,
0.03926151990890503,0.2753836512565613,-0.04456592003359947,1696619338044792233,
-0.0416865348815918,0.1687796711921692,-0.036546064034465406,1696619338055010677,
0.2066444754600525,-0.28171414136886597,-0.029254294345865968,1696619338074845684,
-0.10110026597976685,0.3236972689628601,-0.017237553455952515,1696619338084881719,
-0.2823270559310913,-0.37083232402801514,-0.015566848067766119,1696619338094902071,
0.48355287313461304,0.23420709371566772,-0.007458612291655169,1696619338104992309,
-0.12520503997802734,-0.05616283416748047,-0.011966946746736824,1696619338115812958,
-0.15535539388656616,-0.11909180879592896,-0.02628279594413964,1696619338124840147,
-0.14984071254730225,-0.23398059606552124,-0.03637891620888133,1696619338135013078,
0.05289459228515625,0.20806652307510376,-0.03932420230828137,1696619338147371382,
0.4169464111328125,0.5898202657699585,-0.07667858315275465,1696619338154880996,
0.21056616306304932,-0.39051610231399536,-0.06306065748792138,1696619338164945675,
0.2677709460258484,-0.3952319622039795,-0.04333021978568817,1696619338174946538,
-0.12834274768829346,-0.09536534547805786,-0.016811761761282115,1696619338184926037,
-0.24860429763793945,0.0137137770652771,-0.008763096388722545,1696619338196231502,
-0.2589704394340515,0.06487023830413818,-0.0149486539550076,1696619338204965210,
-0.08703035116195679,-0.039269983768463135,-0.027204603231917753,1696619338215227749,
-0.04137539863586426,0.08823037147521973,-0.0338110180193042,1696619338227876665,
0.2982271909713745,0.4463329315185547,-0.06866127292732135,1696619338234959220,
0.30569106340408325,-0.12192368507385254,-0.05030168877432223,1696619338244967196,
-0.18129569292068481,-0.006829380989074707,-0.03671558507972688,1696619338255056881,
-0.0779719352722168,-0.1851060390472412,-0.023320665443891414,1696619338264994393,
-0.14204901456832886,-0.08064311742782593,-0.013315292092876156,1696619338275905607,
0.21122872829437256,0.14601099491119385,-0.010590224210343516,1696619338285005684,
0.1118738055229187,0.16969704627990723,-0.015392398726821509,1696619338295109136,
0.22929006814956665,0.2836974263191223,-0.019293679570671973,1696619338307929188,
-0.06659197807312012,0.040498316287994385,-0.04288214934670866,1696619338315065247,
-0.30321937799453735,-0.07667219638824463,-0.018169823964321704,1696619338325097296,
0.06532472372055054,-0.23281115293502808,0.007003925627745113,1696619338335141992,
0.299441397190094,-0.09330344200134277,0.022178433138721077,1696619338345083786,
0.16328251361846924,-0.08702045679092407,0.0297940293906365,1696619338355869635,
0.06574678421020508,-0.19467806816101074,0.03571901282431764,1696619338365121877,
0.2634698152542114,0.3415345549583435,0.01356978690450144,1696619338375202177,
-0.3554709553718567,0.32637566328048706,-0.007478935609263811,1696619338388320932,
-0.19156169891357422,0.30952537059783936,-0.05263315097103666,1696619338395150027,
-0.12013661861419678,-0.21853530406951904,-0.0559143767031421,1696619338405177662,
-0.010380387306213379,-0.3945717215538025,-0.05881094885356514,1696619338415249535,
0.47093886137008667,0.07979792356491089,-0.060486022009445674,1696619338425235242,
-0.11780154705047607,-0.3934329152107239,-0.055268310874311784,1696619338436277459,
-0.04171144962310791,0.027842819690704346,-0.07220594810298811,1696619338445188978,
-0.009081482887268066,-0.252882182598114,-0.06811542894681749,1696619338455256231,
-0.04174339771270752,0.4368366003036499,-0.06729622686406839,1696619338475274596,
0.06253635883331299,0.02788078784942627,-0.06375997984927066,1696619338485328962,
0.16668087244033813,0.012941539287567139,-0.040507298950810476,1696619338495353185,
-0.12098562717437744,-0.32335811853408813,-0.021019688818838523,1696619338505293049,
-0.08468842506408691,0.16159486770629883,-0.003914644977285592,1696619338516530137,
0.17005622386932373,0.23573875427246094,-0.005052307505611443,1696619338525307049,
-0.26487618684768677,-0.25639545917510986,-0.014101005273926676,1696619338535334869,
-0.06124007701873779,0.17924904823303223,-0.016540413554864825,1696619338548426847,
-0.16121172904968262,0.5180057287216187,-0.05231117886610783,1696619338555326576,
-0.4298707842826843,0.0342368483543396,-0.04441182520992516,1696619338565372789,
0.17192697525024414,-0.6376305222511292,-0.04336958072449989,1696619338575392567,
0.10117846727371216,-0.46759843826293945,-0.032246952848300946,1696619338585379283,
0.3030387759208679,0.1345144510269165,-0.01294144324016895,1696619338595830297,
0.35505932569503784,0.3017924427986145,-0.010761915041401532,1696619338605459917,
-0.07541453838348389,-0.3576585054397583,-0.01263500353026432,1696619338615742279,
0.3083301782608032,0.022350549697875977,-0.008701701568174862,1696619338628039539,
0.28136104345321655,0.6788730621337891,-0.02422129280360773,1696619338635533877,
-0.06765741109848022,0.08119970560073853,-0.034665486872760054,1696619338645718759,
0.016282856464385986,-0.5082444548606873,-0.052730909035932694,1696619338655472454,
-0.04019981622695923,-0.5199938416481018,-0.04841549226410009,1696619338665445281,
-0.11902356147766113,0.31976938247680664,-0.031194990354018647,1696619338675961162,
0.055876731872558594,0.2815791964530945,-0.03563810587713942,1696619338685478965,
-0.22472155094146729,-0.19512993097305298,-0.03860087491130678,1696619338695503755,
-0.08692216873168945,-0.14807218313217163,-0.028601098967423518,1696619338707689895,
0.13280999660491943,-0.01351773738861084,-0.04046714204675592,1696619338714548204,
0.5469005703926086,0.5813716053962708,-0.022891479802613454,1696619338724544597,
0.027081787586212158,-0.005931973457336426,-0.03231713719990561,1696619338734622564,
0.002353489398956299,-0.4714544415473938,-0.03556129165788103,1696619338744569175,
0.1825016736984253,-0.10895568132400513,-0.02544754224878481,1696619338755790253,
-0.2792341709136963,0.01370018720626831,-0.03184138028583135,1696619338764606581,
-0.2993689179420471,0.18150633573532104,-0.026878833243589518,1696619338775616842,
-0.2109081745147705,0.17133575677871704,-0.026864966466978002,1696619338788160432,
0.07665401697158813,0.02825629711151123,-0.037140765580269706,1696619338795605496,
0.2002546191215515,0.5736008882522583,-0.010480789561293712,1696619338805650363,
0.20682859420776367,-0.21036142110824585,1.7036929177178038e-05,1696619338815756931,
0.0624079704284668,-0.5211706161499023,0.008922657020040034,1696619338825803836,
-0.08612161874771118,0.03986161947250366,0.007799730597990854,1696619338836459788,
-0.03262811899185181,-0.009106993675231934,-0.0013644445991571998,1696619338845685111,
-0.24987363815307617,0.34767597913742065,-0.013449546192699646,1696619338855700381,
0.4073634743690491,-0.11288124322891235,-0.022031646404835892,1696619338867888120,
-0.01917058229446411,0.15266203880310059,-0.033952260981293725,1696619338875790591,
-0.14118003845214844,0.4736812710762024,-0.029633125682090516,1696619338885755210,
-0.007149040699005127,-0.5642016530036926,-0.024047374066694015,1696619338895794518,
0.1595497727394104,-0.010767817497253418,-0.004341285078890893,1696619338905777078,
-0.0702507495880127,-0.20993292331695557,0.005782294140273371,1696619338915840331,
-0.10310441255569458,-0.1685326099395752,0.005801295167885365,1696619338925792076,
0.34824132919311523,0.481201708316803,-0.00873004485810373,1696619338935816393,
-0.23985958099365234,-0.3705829381942749,-0.018752150669558477,1696619338947886194,
-0.21955996751785278,0.4282938838005066,-0.03934373515383323,1696619338955807941,
0.1765410304069519,0.05858480930328369,-0.044431775604798496,1696619338965811997,
0.056393563747406006,-0.0842178463935852,-0.04213411674439228,1696619338975858356,
0.2557850480079651,-0.14316469430923462,-0.033267435285590695,1696619338985868843,
-0.13468366861343384,-0.9019485116004944,-0.024645313951355406,1696619338996180791,
0.031837284564971924,0.5201665163040161,-0.021355646501817836,1696619339005859170,
-0.1784743070602417,-0.00974893569946289,-0.03000780598357465,1696619339015922124,
-0.5111463665962219,0.07975488901138306,-0.029721595845184225,1696619339028343532,
-0.32813560962677,0.5490409731864929,-0.05455491073875712,1696619339035947115,
0.30048882961273193,0.07957381010055542,-0.032412623847519875,1696619339045944496,
0.5739895701408386,0.41979944705963135,-0.012248551274125817,1696619339055994073,
