x, y, theta, stamp, 
7.978698422378643e-07, -1.9236093220800707e-07, 1.0841111945123256e-06, 2782220000000, 
7.907578578925109e-07, -1.9007916768786057e-07, 1.0932325129615047e-06, 2782254000000, 
7.88156783668935e-07, -1.9150433615024744e-07, 1.1039053206342087e-06, 2782288000000, 
7.904807393562639e-07, -1.9289836552031965e-07, 1.1027737725689668e-06, 2782322000000, 
8.190710222163606e-07, -1.9492341886051137e-07, 1.0998515090101964e-06, 2782390000000, 
8.057146698005897e-07, -1.9513516006122958e-07, 1.097465514958104e-06, 2782492000000, 
7.974219049567138e-07, -1.9551364697660419e-07, 1.1092120150602778e-06, 2782594000000, 
8.476967714780264e-07, -1.9554174785608657e-07, 1.1028477236798484e-06, 2782696000000, 
8.272846388813635e-07, -1.951404805847811e-07, 1.1106898007207173e-06, 2782798000000, 
8.362247924136698e-07, -1.9916826629824457e-07, 1.1151879443617443e-06, 2782900000000, 
8.581467958556573e-07, -1.9733820917242907e-07, 1.1017765391565265e-06, 2783002000000, 
8.292838547837647e-07, -1.9795485718761582e-07, 1.1164846494436074e-06, 2783070000000, 
8.374094693289702e-07, -2.0175835575647903e-07, 1.1209076755589616e-06, 2783172000000, 
8.85653330441e-07, -2.030550114236806e-07, 1.1089718830751552e-06, 2783274000000, 
8.463259274143274e-07, -2.034227512258906e-07, 1.1234517943177387e-06, 2783376000000, 
8.379875154588167e-07, -2.0234415054382963e-07, 1.132780474021929e-06, 2783478000000, 
8.88668300006575e-07, -2.0598814147625458e-07, 1.1326809773997948e-06, 2783580000000, 
8.901539073068515e-07, -2.068051703301149e-07, 1.1265901619274423e-06, 2783682000000, 
8.551471568114138e-07, -2.083104889049544e-07, 1.1392199961390463e-06, 2783784000000, 
8.964865944203093e-07, -2.067835895069468e-07, 1.1383423608302624e-06, 2783886000000, 
9.229261876615219e-07, -2.0796431304157343e-07, 1.1260904476681096e-06, 2783988000000, 
8.804171855792533e-07, -2.0941577222392538e-07, 1.1397598195962804e-06, 2784090000000, 
8.851439528270333e-07, -2.1244952299868598e-07, 1.145803127594778e-06, 2784192000000, 
9.449504093368727e-07, -2.1281963435472622e-07, 1.141096054929213e-06, 2784294000000, 
9.243731263830942e-07, -2.1328729906529014e-07, 1.1504914518157722e-06, 2784396000000, 
9.08970407516805e-07, -2.136377143925643e-07, 1.1615131284143204e-06, 2784498000000, 
9.628238810945554e-07, -2.1256019925784514e-07, 1.1582356830490146e-06, 2784600000000, 
9.556319423542356e-07, -2.1500457628132946e-07, 1.1456334019213502e-06, 2784668000000, 
9.364307190473402e-07, -2.1620312060997122e-07, 1.1685980908218667e-06, 2784770000000, 
9.785917399261764e-07, -2.162192702582305e-07, 1.1609275174816345e-06, 2784872000000, 
9.50181746905279e-07, -2.1583434305691487e-07, 1.1675731335600212e-06, 2784974000000, 
9.512327862676398e-07, -2.1971840377008682e-07, 1.1718153247535828e-06, 2785076000000, 
9.925080060440341e-07, -2.2096822617720538e-07, 1.159421284523446e-06, 2785178000000, 
9.727159948870258e-07, -2.1994015760381478e-07, 1.1747854194376847e-06, 2785280000000, 
9.967874401155915e-07, -2.231644517878394e-07, 1.1779514261290594e-06, 2785382000000, 
9.946637070195264e-07, -2.230719969706638e-07, 1.1717946021970125e-06, 2785484000000, 
9.726234327598933e-07, -2.237805957321623e-07, 1.187687700260067e-06, 2785586000000, 
1.0244041426455103e-06, -2.2286058791275967e-07, 1.187216666777579e-06, 2785688000000, 
1.0225369339240126e-06, -2.2355826221507092e-07, 1.1817575235340922e-06, 2785790000000, 
9.798050223649472e-07, -2.2512194955058422e-07, 1.1942804575654914e-06, 2785892000000, 
1.0060788925463406e-06, -2.2783987721814331e-07, 1.1930967331742617e-06, 2785994000000, 
1.0516910502764743e-06, -2.2774830352637364e-07, 1.1804500721583648e-06, 2786096000000, 
1.0121272985961532e-06, -2.2999156904393463e-07, 1.1949490276864724e-06, 2786198000000, 
1.0053439613092507e-06, -2.2985104233942694e-07, 1.207677067098182e-06, 2786266000000, 
1.0586036031022133e-06, -2.3093364085433542e-07, 1.2055579056198223e-06, 2786368000000, 
1.0634582869295667e-06, -2.31175483227404e-07, 1.198459373438088e-06, 2786470000000, 
1.0198622710741493e-06, -2.3321335059792552e-07, 1.209988310034457e-06, 2786572000000, 
1.0468812339954171e-06, -2.32255419255906e-07, 1.2108196133439394e-06, 2786674000000, 
1.1012975905489319e-06, -2.3383096962598008e-07, 1.1994822564720065e-06, 2786776000000, 
1.0656929631151973e-06, -2.3344268528324742e-07, 1.2147937374277517e-06, 2786878000000, 
1.0596627272028839e-06, -2.3720005761641012e-07, 1.222676400827478e-06, 2786980000000, 
1.1046350140833819e-06, -2.3781235224016184e-07, 1.2148507968795622e-06, 2787082000000, 
1.0910580775699196e-06, -2.3734696876392944e-07, 1.2252658796320174e-06, 2787184000000, 
1.1080270767929346e-06, -2.4055344133203306e-07, 1.228967732472881e-06, 2787286000000, 
1.122500199547562e-06, -2.3922366516478206e-07, 1.227378556666141e-06, 2787388000000, 
1.0993887775109308e-06, -2.4117209346886403e-07, 1.2356536666357195e-06, 2787490000000, 
1.141863207268867e-06, -2.401359256973383e-07, 1.2334264449659163e-06, 2787592000000, 
1.1167636359385163e-06, -2.409553006322091e-07, 1.237745618506503e-06, 2787694000000, 
1.1073307569750295e-06, -2.4455095740464816e-07, 1.2447066495343346e-06, 2787796000000, 
1.147528159186154e-06, -2.4426807027017486e-07, 1.243643858651425e-06, 2787864000000, 
1.1557867558718905e-06, -2.463059021689161e-07, 1.2355545570094322e-06, 2787966000000, 
1.1151788602347587e-06, -2.4492480872404977e-07, 1.248165443676808e-06, 2788068000000, 
1.133156412393099e-06, -2.475397975771682e-07, 1.2499633373064476e-06, 2788170000000, 
1.1854407303177905e-06, -2.488737085234023e-07, 1.240033903908177e-06, 2788272000000, 
1.1528060297524877e-06, -2.491650018068027e-07, 1.2550264092928678e-06, 2788374000000, 
1.1499276757870686e-06, -2.4805444674135196e-07, 1.263852427744338e-06, 2788476000000, 
1.2040298382062583e-06, -2.5000789995312404e-07, 1.2617274997423408e-06, 2788578000000, 
1.189660175314659e-06, -2.528672536509301e-07, 1.2603541804381774e-06, 2788680000000, 
1.1556971589143018e-06, -2.536605788113404e-07, 1.2727909284127253e-06, 2788782000000, 
1.2039810299054015e-06, -2.5208628806584285e-07, 1.2712318106543636e-06, 2788884000000, 
1.2339632792356455e-06, -2.554362102659664e-07, 1.2590627748075815e-06, 2788986000000, 
1.1938133331679409e-06, -2.5445707710097136e-07, 1.2755252358370355e-06, 2789088000000, 
1.2038274340883286e-06, -2.5746516206224735e-07, 1.276159348281285e-06, 2789190000000, 
1.2421557176790016e-06, -2.5661167904585743e-07, 1.2776927695890263e-06, 2789258000000, 
1.217239613132524e-06, -2.5811170463798846e-07, 1.2891278635200291e-06, 2789394000000, 
1.2326172125091805e-06, -2.598649778440055e-07, 1.2844453241996423e-06, 2789462000000, 
1.2570901428757963e-06, -2.585438535615422e-07, 1.2751626423698016e-06, 2789564000000, 
1.226017528602258e-06, -2.604802496161378e-07, 1.2928308275084655e-06, 2789666000000, 
1.2637888275936501e-06, -2.611091629226371e-07, 1.2937642729094544e-06, 2789768000000, 
1.265145679373233e-06, -2.6308118832700863e-07, 1.2864765676494885e-06, 2789870000000, 
1.2520504617151108e-06, -2.6376467467430656e-07, 1.3035638164912803e-06, 2789972000000, 
1.2858109144248076e-06, -2.6433547098376035e-07, 1.2945833941020888e-06, 2790074000000, 
1.2611822692470948e-06, -2.638956111931716e-07, 1.304177182175753e-06, 2790176000000, 
1.2672514739843416e-06, -2.6694459715496625e-07, 1.3078614486056052e-06, 2790278000000, 
1.3086838693165382e-06, -2.6460324462912243e-07, 1.2966933280574531e-06, 2790380000000, 
1.2788278297836499e-06, -2.6758026249510104e-07, 1.3127734421400228e-06, 2790482000000, 
1.3135482214438132e-06, -2.681940827936358e-07, 1.315337232744866e-06, 2790584000000, 
1.3118975905494184e-06, -2.7013541385154593e-07, 1.3085391394394297e-06, 2790686000000, 
1.2958379399665555e-06, -2.7080912614532436e-07, 1.3252625032487758e-06, 2790788000000, 
1.3413734684309935e-06, -2.707923756990835e-07, 1.3211305135111564e-06, 2790890000000, 
1.3230149234059227e-06, -2.7066725979414213e-07, 1.326831895555172e-06, 2790992000000, 
1.3258856628225223e-06, -2.7396257557631023e-07, 1.3307198865420218e-06, 2791094000000, 
1.3534341529084075e-06, -2.735363883017101e-07, 1.3223502522420807e-06, 2791162000000, 
1.3341253576701293e-06, -2.729963793892466e-07, 1.3306453459778255e-06, 2791264000000, 
1.3359690365871257e-06, -2.762788918155429e-07, 1.3377216804944354e-06, 2791366000000, 
1.3732664545686525e-06, -2.73974363022059e-07, 1.3265436485091918e-06, 2791468000000, 
1.339338096325122e-06, -2.7689815611801263e-07, 1.3417875325994483e-06, 2791570000000, 
1.3700394360375982e-06, -2.7750268053309974e-07, 1.3441462340189337e-06, 2791672000000, 
1.3882312643577293e-06, -2.789054017247955e-07, 1.33491648806143e-06, 2791774000000, 
1.339744717406498e-06, -2.781382840937794e-07, 1.3466391771220808e-06, 2791876000000, 
1.343817601934253e-06, -2.8059415558509895e-07, 1.3513291841902642e-06, 2791978000000, 
1.4223361250858262e-06, -2.797886808804723e-07, 1.3551721571834765e-06, 2792080000000, 
1.4282953837708436e-06, -2.8041299962149675e-07, 1.3541079116491911e-06, 2792182000000, 
1.3649203605188968e-06, -2.8326200594369754e-07, 1.3603340183966025e-06, 2792284000000, 
1.3707597957133943e-06, -2.8238795703079243e-07, 1.3618490025487392e-06, 2792386000000, 
1.4360056259296382e-06, -2.8540217559333806e-07, 1.3628851607562105e-06, 2792488000000, 
1.4271683715240197e-06, -2.863100331360035e-07, 1.3645016866543486e-06, 2792590000000, 
1.4040495926794732e-06, -2.8694495609027956e-07, 1.3778511422020675e-06, 2792692000000, 
1.4322904428545547e-06, -2.866709018828446e-07, 1.372080884423263e-06, 2792760000000, 
1.4466164342653148e-06, -2.88051014800288e-07, 1.36321107719175e-06, 2792862000000, 
1.4285460878700093e-06, -2.892227817157533e-07, 1.3808995742011313e-06, 2792964000000, 
1.4659773143615413e-06, -2.891992397522767e-07, 1.3771608951007027e-06, 2793066000000, 
1.4396252817894816e-06, -2.8908073653371516e-07, 1.3842845279829863e-06, 2793168000000, 
1.4346102346925833e-06, -2.922566282236261e-07, 1.388646528118317e-06, 2793270000000, 
1.4966603690845628e-06, -2.922223603583622e-07, 1.3869613765112097e-06, 2793372000000, 
1.4798773063815962e-06, -2.9297131491422056e-07, 1.3887410334439679e-06, 2793474000000, 
1.4576965394337093e-06, -2.933183990470265e-07, 1.4011019842696549e-06, 2793576000000, 
1.5010884943675425e-06, -2.9399918637163086e-07, 1.4001204690279034e-06, 2793678000000, 
1.4937689278125704e-06, -2.946378010576638e-07, 1.3945921588263688e-06, 2793780000000, 
1.490423275171561e-06, -2.9649304811082767e-07, 1.4050108302822458e-06, 2793882000000, 
1.5217249076874807e-06, -2.9768756616643824e-07, 1.3948734615840654e-06, 2793984000000, 
1.49499004954265e-06, -2.9654248917016644e-07, 1.4085321249880531e-06, 2794086000000, 
1.5120824581237682e-06, -2.995418305162595e-07, 1.411293885350537e-06, 2794188000000, 
1.5447314725653037e-06, -2.98196861332383e-07, 1.402127163049127e-06, 2794290000000, 
1.523960834370125e-06, -2.987272556204461e-07, 1.415547683397646e-06, 2794358000000, 
1.5398681483455182e-06, -3.0177062995431384e-07, 1.4194197355212768e-06, 2794460000000, 
1.547628358786576e-06, -3.013307270515604e-07, 1.4115300194644522e-06, 2794562000000, 
1.5233233572162738e-06, -3.0225601061999766e-07, 1.4271532779631333e-06, 2794664000000, 
1.5653349333319576e-06, -3.047821239451033e-07, 1.4269707657816104e-06, 2794766000000, 
1.572416755457037e-06, -3.04842025741526e-07, 1.4206997722930764e-06, 2794868000000, 
1.5304008743430852e-06, -3.0495270382993516e-07, 1.4318242139712563e-06, 2794970000000, 
1.5515386443933336e-06, -3.058776022878165e-07, 1.4339076403443423e-06, 2795072000000, 
1.6011521798436203e-06, -3.0719762750340107e-07, 1.4251414487343e-06, 2795174000000, 
1.568604639750602e-06, -3.073957156702342e-07, 1.438933123240773e-06, 2795276000000, 
1.563111041820696e-06, -3.070968381109151e-07, 1.446717573153822e-06, 2795378000000, 
1.6172725990252428e-06, -3.0994931700256413e-07, 1.4450576063224647e-06, 2795480000000, 
1.6234487000639864e-06, -3.078853036933135e-07, 1.4378867720722031e-06, 2795548000000, 
1.8569553774989214e-06, -3.4594414674713366e-07, 1.571700639247172e-06, 2800104000000, 
1.9000039521453294e-06, -3.444889071468719e-07, 1.5722486604184327e-06, 2800172000000, 
1.8868973299866653e-06, -3.444702686731262e-07, 1.5746463912149064e-06, 2800274000000, 
1.8819389088707785e-06, -3.4799844246567617e-07, 1.5800842427351515e-06, 2800376000000, 
0.0029871909746676936, 1.7229002056801233e-06, 0.0021161004548166666, 2800478000000, 
0.013204292686617793, -9.190212143592078e-06, -0.01019887730954131, 2800580000000, 
0.020011984836572138, -9.288065643745327e-05, -0.015573215723457915, 2800648000000, 
0.030235032610133907, -0.00033001492536790015, -0.0293704337575318, 2800750000000, 
0.040457333247855984, -0.0006996836435282709, -0.04314984889620257, 2800852000000, 
0.05066268634639395, -0.0012070947853574346, -0.04968477712621133, 2800954000000, 
0.060756684095463524, -0.0013928437007989403, 0.007807005083242611, 2801056000000, 
0.0708792072982183, -0.0010967169797712279, 0.045619486538805265, 2801158000000, 
0.08099540949619215, -0.0005005503606122147, 0.07805779363599549, 2801260000000, 
0.09108221596005538, 0.00044692057016620484, 0.11229097283560674, 2801362000000, 
0.1011140567711037, 0.001772110196465431, 0.15521879556196708, 2801464000000, 
0.11105535889097631, 0.0035917634517617677, 0.2063941784248188, 2801566000000, 
0.1209308240667383, 0.005882744882592381, 0.24135070459166608, 2801668000000, 
0.13073318973697537, 0.008465181826988123, 0.2748658631554788, 2801770000000, 
0.140455489071067, 0.011351314320173545, 0.3038429000724019, 2801872000000, 
0.1500733925585357, 0.014524670555194992, 0.34051846932601026, 2801974000000, 
0.15954123603678935, 0.018101076607056753, 0.3824449401038075, 2802076000000, 
0.16887737051157414, 0.0220607115883625, 0.41527560176029454, 2802178000000, 
0.17503866546471541, 0.02484615869097764, 0.4366688932673401, 2802246000000, 
0.18418976209596813, 0.02926362321624816, 0.457720745012272, 2802348000000, 
0.19344056509728003, 0.033653014555494944, 0.43534831767096493, 2802450000000, 
0.20277772955420081, 0.037844193700337786, 0.41529458510295325, 2802552000000, 
0.21206299726781602, 0.04202779166396595, 0.42347806968800794, 2802654000000, 
0.221327170086826, 0.046260424959168676, 0.4321903456748287, 2802756000000, 
0.23054234921447397, 0.05056871827310883, 0.44787550737734405, 2802858000000, 
0.23964408163083925, 0.055062060481447093, 0.4743760558791463, 2802960000000, 
0.24860186299950926, 0.05982932525666713, 0.5016264479252691, 2803062000000, 
0.2575386647085558, 0.06478871777494831, 0.4900848006788469, 2803164000000, 
0.2666422245758621, 0.06950082190787224, 0.46335459078789426, 2803266000000, 
0.2758495097570928, 0.07394988411959953, 0.4497969104483052, 2803368000000, 
0.2850804737697758, 0.07834237390555854, 0.43721892536700624, 2803470000000, 
0.29434529174055724, 0.08263419255549816, 0.4313887374915979, 2803572000000, 
0.3035989084506648, 0.08690230018056734, 0.4366213964364957, 2803674000000, 
0.31279780315104955, 0.09125989008362675, 0.4480640204273582, 2803776000000, 
0.3189158114127389, 0.0942278744389564, 0.4486112570794602, 2803844000000, 
0.3282686168774372, 0.0984711010260372, 0.41067313848436715, 2803946000000, 
0.3377546475686163, 0.10238688644682903, 0.3766219937502053, 2804048000000, 
0.34727188266146064, 0.1061315362817571, 0.361754795720806, 2804150000000, 
0.35697544909312284, 0.10954050015195763, 0.31604493127016775, 2804252000000, 
0.36676686972707273, 0.11255538332926043, 0.2924465942220407, 2804354000000, 
0.3765738197859499, 0.11543864586173788, 0.28087437355195344, 2804456000000, 
0.38639941673720085, 0.11824527371249735, 0.2709369521947558, 2804558000000, 
0.3961771741744997, 0.12098777552525154, 0.2937163232580815, 2804660000000, 
0.40576337154011444, 0.12417703682619341, 0.3443858969722215, 2804762000000, 
0.4152292062892802, 0.12781381859947694, 0.3759889789004224, 2804864000000, 
0.4246426286107786, 0.13164076748207543, 0.3972675219262361, 2804966000000, 
0.43399794863998103, 0.13564068897711398, 0.4106011900740423, 2805068000000, 
0.44326403784099816, 0.13977508001493782, 0.43983057669490583, 2805170000000, 
0.4523944833490023, 0.14420683109048657, 0.4649847903033117, 2805272000000, 
0.46142072107003046, 0.14887690295933395, 0.48518700221438954, 2805374000000, 
0.4674253210249493, 0.15204864590362974, 0.4890902320426382, 2805442000000, 
0.4763837879410594, 0.15688481827330353, 0.49973150122559357, 2805544000000, 
0.485309400610496, 0.16179570655306433, 0.5065948137346425, 2805646000000, 
0.4942108621650091, 0.16674951276381897, 0.5135896301475162, 2805748000000, 
0.5029869060351412, 0.17185721695505285, 0.5377347776562216, 2805850000000, 
0.5116507426072863, 0.17716772191609753, 0.5576530574402775, 2805952000000, 
0.5202400665983461, 0.18261216636024225, 0.5738479229922432, 2806054000000, 
0.5287286448139789, 0.18819637191253674, 0.5948526523161307, 2806156000000, 
0.5370853324436893, 0.19397914842665592, 0.6147559794576586, 2806258000000, 
0.5453495238798669, 0.19991544023480678, 0.6278290999790614, 2806360000000, 
0.5535583972230632, 0.20593484670361162, 0.638775402856453, 2806462000000, 
0.5617054472674441, 0.21204210183144717, 0.6482698928865152, 2806564000000, 
0.5697992815478864, 0.2182247752280129, 0.656175579195482, 2806666000000, 
0.5778459645855215, 0.22446833015752263, 0.6643034326770146, 2806768000000, 
0.5858363905563884, 0.23077996212603416, 0.6736738008184249, 2806870000000, 
0.593760852656731, 0.2371708466031525, 0.6841102888316067, 2806972000000, 
0.601615092075797, 0.243646474580851, 0.694945511309982, 2807074000000, 
0.6068119847131167, 0.24801071464428723, 0.7022058351463885, 2807142000000, 
0.6145505554185328, 0.25462570218537384, 0.7125529779451204, 2807244000000, 
0.622222737244636, 0.2613191675641573, 0.722337531136617, 2807346000000, 
0.6298326916452078, 0.26808529924982477, 0.7313675060544405, 2807448000000, 
0.6373838580838799, 0.2749184658729437, 0.7398892284165478, 2807550000000, 
0.644882975803608, 0.28181536648927646, 0.7460167689229905, 2807652000000, 
0.6523510916635817, 0.28875031402735724, 0.7505266232621174, 2807754000000, 
0.6597886269445669, 0.2957161827710389, 0.7557332917187196, 2807856000000, 
0.6671853466769306, 0.3027245449271729, 0.7612456084224622, 2807958000000, 
0.6745414230288815, 0.30977438594045764, 0.7671803719360029, 2808060000000, 
0.6818527418817294, 0.3168686103396898, 0.7738268940561192, 2808162000000, 
0.6891141157888963, 0.32401291842372276, 0.7808721554915051, 2808264000000, 
0.6963345921995348, 0.33120772430379647, 0.7844798499254215, 2808366000000, 
0.7035448404657195, 0.33841798965708253, 0.7861723121005426, 2808468000000, 
0.7107423924011239, 0.34563778033816817, 0.789027591307921, 2808570000000, 
0.7179132271833408, 0.3528835391242875, 0.7920734712797401, 2808672000000, 
0.7226810177418008, 0.3577261643613317, 0.7943222408528331, 2808740000000, 
0.7298104601287435, 0.3650106015768505, 0.798186018729573, 2808842000000, 
0.7369050673426257, 0.3723258902339101, 0.8031780629032583, 2808944000000, 
0.7439648262973195, 0.37967703143025433, 0.8073400288802146, 2809046000000, 
0.7510268136960602, 0.3870402993021065, 0.8060806968894267, 2809148000000, 
0.7580928647079981, 0.3943975640029458, 0.8055902036935061, 2809250000000, 
0.7651449165528261, 0.4017617087164266, 0.8076126279321895, 2809352000000, 
0.7721876302345899, 0.40913628355270754, 0.8090597427446649, 2809454000000, 
0.7792192227297976, 0.41651960539333777, 0.8112356655248233, 2809556000000, 
0.7862283483018928, 0.42392130183533594, 0.8145629619599045, 2809658000000, 
0.7932187987291275, 0.43134839970007594, 0.8147973670904113, 2809760000000, 
0.8002228079124328, 0.43876743967256193, 0.8133024681868934, 2809862000000, 
0.807236746907887, 0.44617358995413847, 0.8131831880865771, 2809964000000, 
0.8142447549455564, 0.453584546162936, 0.8133099759506245, 2810066000000, 
0.8212507728465459, 0.4609965358246686, 0.8137866067685485, 2810168000000, 
0.8282502795221155, 0.468412394490569, 0.8151529621243626, 2810270000000, 
0.832908995931546, 0.47336284997719696, 0.8162950318845411, 2810338000000, 
0.8398865665136267, 0.4807993767857256, 0.8176057546509387, 2810440000000, 
0.8468775632849751, 0.4882330607668167, 0.8151846726728487, 2810542000000, 
0.8538838743357188, 0.49565151289770787, 0.8130831774756313, 2810644000000, 
0.8608924981751803, 0.5030625687762253, 0.8129373609986879, 2810746000000, 
0.8679050691955508, 0.5104705561777108, 0.8125498287314711, 2810848000000, 
0.8749201300330895, 0.517875108889197, 0.8126356037911066, 2810950000000, 
0.8819302418700298, 0.5252820841835636, 0.8135549391519226, 2811052000000, 
0.8889364622188377, 0.5326970893971336, 0.8127345491729633, 2811154000000, 
0.8959576355665095, 0.5401007598825848, 0.8109110495994407, 2811256000000, 
0.9029916128681574, 0.5474901681381211, 0.8099137774723306, 2811358000000, 
0.9100288926793769, 0.5548758370943215, 0.8090610389125394, 2811460000000, 
0.9170719563325885, 0.5622556009847948, 0.8083964207150138, 2811562000000, 
0.9241182761850035, 0.5696310199896373, 0.8082478845233879, 2811664000000, 
0.9311635551028484, 0.5770066041101797, 0.8083695650230475, 2811766000000, 
0.9382110124787891, 0.5843830783014969, 0.807300338858152, 2811868000000, 
0.9429169181130743, 0.5892943207850038, 0.806304467734922, 2811936000000, 
0.9499859301327183, 0.5966519301442261, 0.8046369749750899, 2812038000000, 
0.9570606485172469, 0.6040014112482256, 0.8039762814307425, 2812140000000, 
0.9641422628105516, 0.6113446799977882, 0.803109178927678, 2812242000000, 
0.9712291644567285, 0.6186822717041635, 0.8024662674849227, 2812344000000, 
0.9783186795422055, 0.6260162707998719, 0.8022645399664668, 2812446000000, 
0.9854568074684281, 0.6333497000119601, 0.784257862440603, 2812548000000, 
0.9929495650981359, 0.6404139285488222, 0.7318563197844852, 2812650000000, 
1.000724753483533, 0.6471038951039014, 0.7016504910534739, 2812752000000, 
1.0086175376696656, 0.6536326617513846, 0.6785036200098398, 2812854000000, 
1.0166377131107396, 0.659989661264597, 0.660386267545707, 2812956000000, 
1.0247407415364678, 0.6662096616810508, 0.6526961319666391, 2813058000000, 
1.0328494353852273, 0.6723993703004189, 0.652128299689696, 2813160000000, 
1.0409221544882026, 0.6786033690272786, 0.6623430716323028, 2813262000000, 
1.0488719817910233, 0.684935625529392, 0.6812458031177776, 2813364000000, 
1.0567434910579305, 0.6914048167991099, 0.6867113935496587, 2813466000000, 
1.0646145510014922, 0.697886801938512, 0.6893423219144605, 2813568000000, 
1.0698699679583348, 0.7022073192978556, 0.6877761158172042, 2813636000000, 
1.077782897388837, 0.7086652502086892, 0.6806487443103147, 2813738000000, 
1.0857676953204847, 0.7150481860859442, 0.668565176152414, 2813840000000, 
1.0938432244641378, 0.7213424615621362, 0.6504401832341914, 2813942000000, 
1.102235641422373, 0.7273236041765045, 0.5915378907475899, 2814044000000, 
1.1108691789814622, 0.7328624743332948, 0.5612440117447145, 2814146000000, 
1.119613922703399, 0.7382074858096784, 0.5350539154648605, 2814248000000, 
1.1284719403214447, 0.7433450684138351, 0.5136778550595251, 2814350000000, 
1.137403601408542, 0.7483066279533639, 0.5050009478192827, 2814452000000, 
1.1462797496643868, 0.7532425457705522, 0.5285289116540944, 2814554000000, 
1.154941196545732, 0.7585049190817287, 0.5617952415129952, 2814656000000, 
1.1634511576493325, 0.7640567337996563, 0.5829366583417437, 2814758000000, 
1.171924065096311, 0.7697043634231209, 0.5927374792231189, 2814860000000, 
1.180376956189001, 0.7754122560634469, 0.592770402474229, 2814962000000, 
1.188802959517726, 0.7811164016139635, 0.6077405276314215, 2815064000000, 
1.1971578667335463, 0.7869443954965447, 0.6129783348485548, 2815166000000, 
1.2027012749693073, 0.7908715492692058, 0.6169549420284279, 2815234000000, 
1.2110488646167148, 0.7967457299051479, 0.6125454797109395, 2815336000000, 
1.2193962547067243, 0.8026095275331101, 0.6118983731172818, 2815438000000, 
1.2277588550856346, 0.8084591586180643, 0.6090590381225399, 2815540000000, 
1.236142009140882, 0.8142804696243079, 0.6059099199553564, 2815642000000, 
1.2446183285442627, 0.8200574475587267, 0.5748736527313679, 2815744000000, 
1.253361204001696, 0.825464270323265, 0.5322875409491493, 2815846000000, 
1.2622898616621092, 0.8304956505710965, 0.5064042519366583, 2815948000000, 
1.2712926352629081, 0.8353710179504138, 0.4858543584357947, 2816050000000, 
1.280300975525123, 0.8401119109013743, 0.49690480591493674, 2816152000000, 
1.289152362370771, 0.8450636131122259, 0.5273645535358321, 2816254000000, 
1.2978462505380246, 0.8503159975107215, 0.5499951080105819, 2816356000000, 
1.306465830041366, 0.855709937586543, 0.5669023139062879, 2816458000000, 
1.3150244434966785, 0.8612256061238094, 0.5763503129338626, 2816560000000, 
1.3235735907079609, 0.8667945280413838, 0.5745582129066671, 2816662000000, 
1.3321719179484615, 0.8723127492424924, 0.5656364214547398, 2816764000000, 
1.3379448474537237, 0.87594123276936, 0.5560133517684556, 2816832000000, 
1.3468230050898926, 0.8811601820014205, 0.5031754747010008, 2816934000000, 
1.355939773373416, 0.8859174270410249, 0.4584892805295546, 2817036000000, 
1.3651416197492021, 0.89039487573129, 0.44083966970293265, 2817138000000, 
1.3744261399608375, 0.8946893130810627, 0.4251122855290585, 2817240000000, 
1.3837611030299353, 0.8988402735272092, 0.41659759860314266, 2817342000000, 
1.3930503184285399, 0.9029719184302686, 0.4343995239025151, 2817444000000, 
1.4020946203909015, 0.9074812375873765, 0.4835663731506521, 2817546000000, 
1.4109769377495793, 0.912383749601343, 0.5121680567454717, 2817648000000, 
1.4198069282613686, 0.9174309822338543, 0.528404205413461, 2817750000000, 
1.4285779204087574, 0.9226038055937369, 0.5371437290993415, 2817852000000, 
1.4373296684931407, 0.9278386539355594, 0.5388137166968462, 2817954000000, 
1.446198660485942, 0.9330039033945143, 0.5044049454524202, 2818056000000, 
1.4553494154425162, 0.9377263449584124, 0.45227102387713014, 2818158000000, 
1.464683884665357, 0.9420006252054833, 0.41694922607928386, 2818260000000, 
1.4740989972904734, 0.9460413848724477, 0.39244161069831923, 2818362000000, 
1.4804177383868886, 0.948614320424137, 0.38041400221599136, 2818430000000, 
1.4899321068304767, 0.9523605859305772, 0.3668444096477291, 2818532000000, 
1.499543035190373, 0.9559102416138447, 0.3426031619562439, 2818634000000, 
1.5092207439976368, 0.9592505176364543, 0.32241675912275863, 2818736000000, 
1.5189167315128955, 0.9624609872183837, 0.3151911178456026, 2818838000000, 
1.5286576046543734, 0.9655687959418396, 0.3021658152252809, 2818940000000, 
1.5384361891837721, 0.9685491559359607, 0.29022489916019784, 2819042000000, 
1.5481656868848748, 0.9714683067596948, 0.31124810699541094, 2819144000000, 
1.5576938967261735, 0.9748274964211265, 0.3619482611096475, 2819246000000, 
1.5671021236638127, 0.9786265985035077, 0.39045718753496594, 2819348000000, 
1.5764697080682246, 0.9825743960602215, 0.40979534715838456, 2819450000000, 
1.5857791584489445, 0.986684870697776, 0.42193004300488535, 2819552000000, 
1.5950067976046356, 0.9909172402466597, 0.4480578781913606, 2819654000000, 
1.604101341024836, 0.9954254056577218, 0.473040519672583, 2819756000000, 
1.613096785049116, 1.000161448576329, 0.490866137843513, 2819858000000, 
1.6220623067746431, 1.004988418925805, 0.500142008738162, 2819960000000, 
1.6280124051573566, 1.0082593113881602, 0.5054884105276511, 2820028000000, 
1.6369096736794353, 1.0132218402751776, 0.51220933406146, 2820130000000, 
1.645780276109211, 1.0182254571625295, 0.5206654088773746, 2820232000000, 
1.6545100962718997, 1.0234103588301768, 0.545183158799717, 2820334000000, 
1.6631154602783773, 1.0287968683006803, 0.5703566991208722, 2820436000000, 
1.6716471835752058, 1.0343373255582244, 0.5848131358917186, 2820538000000, 
1.6800761845927519, 1.0400143451802804, 0.6048087516156972, 2820640000000, 
1.6883769757446836, 1.0458798470782555, 0.6238474283025294, 2820742000000, 
1.69659333160538, 1.0518882449337295, 0.6350158203543486, 2820844000000, 
1.704768404384862, 1.0579599681452798, 0.6439385253551413, 2820946000000, 
1.7128903857292292, 1.0641041823336572, 0.6522926940332741, 2821048000000, 
1.7209626841592016, 1.0703175528255973, 0.659327676647465, 2821150000000, 
1.7289920446126088, 1.0765849902029732, 0.6668637980772018, 2821252000000, 
1.7343158695022294, 1.080798312192199, 0.6725332198665818, 2821320000000, 
1.744867628337879, 1.0893339473752124, 0.6874596339726795, 2821456000000, 
1.75009655496161, 1.0936597425358467, 0.6947558496535032, 2821524000000, 
1.7578862535157689, 1.1002154056911353, 0.7047987016206968, 2821626000000, 
1.7656087462873136, 1.1068499132690386, 0.7148242669677887, 2821728000000, 
1.7732650063279882, 1.113561494787106, 0.7245540337171665, 2821830000000, 
1.7808657466481925, 1.1203413806931246, 0.7323851843533988, 2821932000000, 
1.788412835479434, 1.1271806390558725, 0.7403575066466743, 2822034000000, 
1.795911109145229, 1.1340797369913844, 0.7460375770471758, 2822136000000, 
1.8033809304347688, 1.1410137279888886, 0.7502266799314429, 2822238000000, 
1.8108217980025278, 1.1479766114456653, 0.7551927107329803, 2822340000000, 
1.8182230910441393, 1.1549803852269367, 0.7605841440376804, 2822442000000, 
1.825584631283961, 1.1620249997271301, 0.7663561605151977, 2822544000000, 
1.8329029652577142, 1.1691126963192315, 0.7727982240812852, 2822646000000, 
1.840172956232172, 1.176248803867987, 0.7796007851976461, 2822748000000, 
1.8474033866508626, 1.1834336393794105, 0.7831391158642113, 2822850000000, 
1.8546234371532897, 1.1906341400428884, 0.7848367841766537, 2822952000000, 
1.8618309786422622, 1.1978443142149429, 0.787595679097887, 2823054000000, 
1.8666210472670182, 1.2026655317190806, 0.7895436209226852, 2823122000000, 
1.8737886225693743, 1.2099143398421834, 0.7926709171389194, 2823224000000, 
1.88093094901463, 1.2171866247008774, 0.7963688446689751, 2823326000000, 
1.8880399922685047, 1.2244885177299691, 0.8011434771685448, 2823428000000, 
1.8951155257138246, 1.2318247640114168, 0.8051722443532596, 2823530000000, 
1.902191310094519, 1.239173590151871, 0.8043667800550559, 2823632000000, 
1.9092656057745299, 1.246519360655983, 0.8052727148498199, 2823734000000, 
1.916324532438193, 1.2538782720847417, 0.806740436712575, 2823836000000, 
1.9233737025882147, 1.2612469984176806, 0.8080827858923095, 2823938000000, 
1.9304120966271976, 1.2686240350692708, 0.8101819717544172, 2824040000000, 
1.9374304186712499, 1.2760180172191022, 0.8130709700786578, 2824142000000, 
1.944434200585342, 1.2834333930846673, 0.8130111116745347, 2824244000000, 
1.9514519581130205, 1.2908394950133255, 0.8115090857349574, 2824346000000, 
1.9584789454121718, 1.298233333590882, 0.8113341702342449, 2824448000000, 
1.9655007801176863, 1.3056312430243737, 0.8114402569067166, 2824550000000, 
1.9725205974139806, 1.3130301561782032, 0.8119521449342314, 2824652000000, 
1.9795335495005373, 1.3204332712426665, 0.8133165169726969, 2824754000000, 
1.986533167415841, 1.3278478845713613, 0.8150870129381496, 2824856000000, 
1.9911931405242016, 1.3327985096602097, 0.8157073625626747, 2824924000000, 
1.9981974537451999, 1.3402193133271112, 0.8134245020678588, 2825026000000, 
2.0052162140751677, 1.3476256146299068, 0.8114139255398485, 2825128000000, 
2.0122372198581555, 1.3550248412940267, 0.8113198836431132, 2825230000000, 
2.0192630002222938, 1.362420790114128, 0.8107981102439058, 2825332000000, 
2.026290893330524, 1.369813023043981, 0.8109115742545937, 2825434000000, 
2.03331353592001, 1.3772081007805106, 0.8117996893238265, 2825536000000, 
2.0403327930955104, 1.3846107221697492, 0.8110184771569067, 2825638000000, 
2.047366292264493, 1.3920024702532643, 0.8093018126597353, 2825740000000, 
2.0544117066734207, 1.3993807842701864, 0.8083690797702513, 2825842000000, 
2.061460221570665, 1.4067556342016212, 0.8075486911296411, 2825944000000, 
2.0685143867381335, 1.414124729264077, 0.8069005333225591, 2826046000000, 
2.0755717632435418, 1.4214895889698502, 0.8067394064263759, 2826148000000, 
2.0826283331935853, 1.4288544654098163, 0.8068306085076211, 2826250000000, 
2.089717379567793, 1.4362243621458166, 0.7932773545106876, 2826352000000, 
2.0971651571960863, 1.4433431961224565, 0.7380409433760652, 2826454000000, 
2.1023159169722256, 1.4478722933713286, 0.7065708146382681, 2826522000000, 
2.1101225197111044, 1.4544844190462158, 0.6904973796833047, 2826624000000, 
2.1180768903903413, 1.4609286750788906, 0.6708017333424784, 2826726000000, 
2.1261501267625658, 1.4672132808653024, 0.6544520585774968, 2826828000000, 
2.1342340597435387, 1.4734287589804882, 0.6560422258424673, 2826930000000, 
2.142283363444139, 1.4796649901114078, 0.6655531682958988, 2827032000000, 
2.15022309840127, 1.4860162214948183, 0.6824844228436048, 2827134000000, 
2.158081040852037, 1.4924928756748161, 0.6913607948826029, 2827236000000, 
2.1659235395775505, 1.4990080388124674, 0.6938649402743762, 2827338000000, 
2.1737785835226537, 1.5055260154996633, 0.6900215552719807, 2827440000000, 
2.181684663693465, 1.5119985920394343, 0.6807380987443714, 2827542000000, 
2.1896669160134814, 1.5183852521882764, 0.6687821100237547, 2827644000000, 
2.197779604880632, 1.5246664857419385, 0.6382147277879251, 2827746000000, 
2.2062444208319563, 1.530545911507177, 0.5801799518444511, 2827848000000, 
2.2149668160031375, 1.535964664882509, 0.5437975198628537, 2827950000000, 
2.223802014299876, 1.5411589414810631, 0.5175832831228744, 2828052000000, 
2.229753241943118, 1.5445008575881858, 0.5040472954068104, 2828120000000, 
2.238767965760578, 1.5493636314058434, 0.481547649429356, 2828222000000, 
2.247967104425387, 1.5539285988389135, 0.4444244864269127, 2828324000000, 
2.2573028989648867, 1.5581873946745337, 0.41185030086639524, 2828426000000, 
2.266711456909334, 1.5622103700632592, 0.39472132065319293, 2828528000000, 
2.276207875063948, 1.566044928641398, 0.3728387267132116, 2828630000000, 
2.285776612733533, 1.5696775798533948, 0.3541641303766843, 2828732000000, 
2.2953277859895045, 1.5731822633651829, 0.3661009924701141, 2828834000000, 
2.304653786982106, 1.5770685007323229, 0.41720676353432756, 2828936000000, 
2.313849661360694, 1.5813736487797645, 0.4416459417803275, 2829038000000, 
2.3230219648808053, 1.5857778313595976, 0.4560950792767521, 2829140000000, 
2.332153117353356, 1.5902932949032034, 0.4629259290377937, 2829242000000, 
2.3412913140416465, 1.5948487590661087, 0.45747097895904626, 2829344000000, 
2.3505615043878763, 1.599267948215758, 0.4204444323718741, 2829446000000, 
2.3600617285218157, 1.6032236505990727, 0.37182949752101446, 2829548000000, 
2.369701009209649, 1.60674454273055, 0.33873368672989346, 2829650000000, 
2.3761680060215324, 1.6089610717216865, 0.3191623967907344, 2829718000000, 
2.3859200169549513, 1.612077105902228, 0.2991779801000473, 2829820000000, 
2.39570689115901, 1.6150377082161582, 0.28595961441160134, 2829922000000, 
2.4055581678850793, 1.6178221681322147, 0.2661125330491887, 2830024000000, 
2.415441619066866, 1.6204358834443355, 0.2538303136876089, 2830126000000, 
2.4253467156969633, 1.6229557471548768, 0.24279611011361696, 2830228000000, 
2.435217372328354, 1.625403283494128, 0.25885904264104154, 2830330000000, 
2.444899567933454, 1.6282740090633963, 0.31133760147991185, 2830432000000, 
2.4544855393161913, 1.63159199230058, 0.3409998836176387, 2830534000000, 
2.4640378301773493, 1.6350721481497346, 0.35965815147838176, 2830636000000, 
2.4735438367048794, 1.6387068001355916, 0.37140686619910923, 2830738000000, 
2.4830347121455176, 1.6424324292669379, 0.3734855568181435, 2830840000000, 
2.4925713727348358, 1.646109430511721, 0.36225261554257454, 2830942000000, 
2.502183159660327, 1.6496541433290002, 0.3385744405622853, 2831044000000, 
2.5119423978536526, 1.6528627752182514, 0.2994845941016996, 2831146000000, 
2.521780305722757, 1.6557255716080448, 0.27510789505511196, 2831248000000, 
2.528353061532125, 1.6575483109951192, 0.26378030894516785, 2831316000000, 
2.5382283933120027, 1.6601688957053646, 0.2546766456633523, 2831418000000, 
2.548116706890758, 1.6627203600528777, 0.24820716107068833, 2831520000000, 
2.5580567530253018, 1.665142816829017, 0.23177126938056386, 2831622000000, 
2.5680233403494377, 1.6674237052789858, 0.2188898403839126, 2831724000000, 
2.577995282463429, 1.669625509940355, 0.21235367278245992, 2831826000000, 
2.588007062502577, 1.6717266290040558, 0.19632290629560736, 2831928000000, 
2.598064034430546, 1.6736262684157526, 0.17783936272572576, 2832030000000, 
2.608141587026844, 1.6753528534211903, 0.16494478677121296, 2832132000000, 
2.6182338821097293, 1.6769786618258902, 0.15294538675039193, 2832234000000, 
2.628343672942163, 1.6784829833974775, 0.14174300744927848, 2832336000000, 
2.638465170733592, 1.6798781173211157, 0.132714005524223, 2832438000000, 
2.648601375820201, 1.6811850001528055, 0.12197344481971084, 2832540000000, 
2.658755076256398, 1.682371390459603, 0.10999527859428196, 2832642000000, 
2.6655313908920437, 1.6830921482781067, 0.10209542985717977, 2832710000000, 
2.6790947502256177, 1.684395278915572, 0.08848045291805498, 2832846000000, 
2.685883732285405, 1.6849742882530725, 0.08134216896884336, 2832914000000, 
2.696074302565639, 1.6857493245533477, 0.07060811749756946, 2833016000000, 
2.7062681055356244, 1.686428161008881, 0.061940667996726914, 2833118000000, 
2.71646660523176, 1.6870204911050535, 0.053704957651777976, 2833220000000, 
2.72667091540819, 1.6875238974442284, 0.044861745359700514, 2833322000000, 
2.7368793881288176, 1.6879364042022855, 0.0359257311558628, 2833424000000, 
2.7470860258074055, 1.6882641806810208, 0.02962313112483985, 2833526000000, 
2.7572919218774237, 1.68854078620688, 0.02448854318954961, 2833628000000, 
2.7675012862671977, 1.6887643815087603, 0.018209425734211877, 2833730000000, 
2.777712674739161, 1.688916457725371, 0.011561305166765764, 2833832000000, 
2.7879259363859346, 1.6889988212122968, 0.004336005936029393, 2833934000000, 
2.7981341373645745, 1.689012767753203, 4.84277190569809e-05, 2834036000000, 
2.8083391235459496, 1.6889991151974912, -0.0026323595240614135, 2834138000000, 
2.8185469452495333, 1.6889579205658058, -0.006859996283856617, 2834240000000, 
2.8287554372195993, 1.688863600783981, -0.011592592193754869, 2834342000000, 
2.8389644128057596, 1.6887187136555368, -0.016918771533218586, 2834444000000, 
2.8491669356889573, 1.6885256353924576, -0.019141249442675118, 2834546000000, 
2.8559668559687212, 1.6883943766088927, -0.019820488524187944, 2834614000000, 
2.8661657432319463, 1.688192780899559, -0.02030519243181697, 2834716000000, 
2.876370177042765, 1.6879629293842358, -0.02402144024117994, 2834818000000, 
2.8865731350027453, 1.6877013083023684, -0.02735592050404932, 2834920000000, 
2.896770316408292, 1.6874102587569142, -0.028023059435788616, 2835022000000, 
2.9069653652178107, 1.6871281005268148, -0.027496920594013874, 2835124000000, 
2.917163777991573, 1.686848463550668, -0.028703876747574814, 2835226000000, 
2.9273622147315277, 1.6865463971330554, -0.030245932327677885, 2835328000000, 
2.937561260352231, 1.686227478415515, -0.032384584658902656, 2835430000000, 
2.9477554767978273, 1.6858909880259634, -0.0321985703475241, 2835532000000, 
2.9579477317779683, 1.6855692631613297, -0.03080988047890724, 2835634000000, 
2.9681430345714377, 1.6852607809979547, -0.030818317600403062, 2835736000000, 
2.9783389644935503, 1.6849435456573314, -0.031265068621420956, 2835838000000, 
2.9885354946823552, 1.6846201272836283, -0.032152245022093406, 2835940000000, 
2.9987285899112415, 1.6842911574954673, -0.031241401093518185, 2836042000000, 
3.0089205060323208, 1.6839813923802984, -0.02946626532867956, 2836144000000, 
3.0157156112141315, 1.683785799809523, -0.028395718682870594, 2836212000000, 
3.0259118650863677, 1.68349238152404, -0.028630597374482456, 2836314000000, 
3.036107645593531, 1.6832006614371393, -0.02858017429029182, 2836416000000, 
3.0463030924548566, 1.682908495212197, -0.02839609231370259, 2836518000000, 
3.056495409513014, 1.6826312357740254, -0.026331064570607694, 2836620000000, 
3.0666902306390327, 1.6823702165922811, -0.025332758753512312, 2836722000000, 
3.0768856642999842, 1.6821143715917268, -0.024601260438465198, 2836824000000, 
3.08708135964234, 1.6818662493314465, -0.023935599162486616, 2836926000000, 
3.097275773821833, 1.6816273270268849, -0.022422436182103964, 2837028000000, 
3.107470143359923, 1.681407825994501, -0.02067217304690433, 2837130000000, 
3.1176658378673117, 1.6812048076512784, -0.019498767675018784, 2837232000000, 
3.1278621695668716, 1.6810105256907013, -0.018515270191506755, 2837334000000, 
3.138059041810917, 1.6808256122855445, -0.01772467707959307, 2837436000000, 
3.1482552655557523, 1.6806494000073946, -0.0165402257370754, 2837538000000, 
3.1584513788326998, 1.6804874934296332, -0.015169286454221134, 2837640000000, 
3.168648345735277, 1.6803391870176139, -0.014104678035980355, 2837742000000, 
3.1754465014619675, 1.6802452126425456, -0.013444777352121264, 2837810000000, 
3.1856438105194242, 1.6801128505331926, -0.012485122397744351, 2837912000000, 
3.195841195006835, 1.6799901916533833, -0.01151072506764573, 2838014000000, 
3.2060384353948432, 1.679878694668715, -0.010354262422464849, 2838116000000, 
3.2162361450807757, 1.6797782910314312, -0.00936802129703469, 2838218000000, 
3.2264339218688, 1.6796872747983032, -0.008424394744446043, 2838320000000, 
3.236631854523216, 1.6796059305159754, -0.007492240383626873, 2838422000000, 
3.2468300305924913, 1.6795339189786742, -0.006641381038629045, 2838524000000, 
3.2570283544268164, 1.6794701064169848, -0.005868338894993881, 2838626000000, 
3.2672267861652657, 1.6794139223959748, -0.005100077232314199, 2838728000000, 
3.27742521371739, 1.679365685194211, -0.0043262224568383426, 2838830000000, 
3.2876236157196512, 1.6793254325658977, -0.0035316710892079905, 2838932000000, 
3.29782247575893, 1.6792928638946538, -0.0029346558766672887, 2839034000000, 
3.3080215179988377, 1.6792653492454013, -0.0024478630322499833, 2839136000000, 
3.3182204200671896, 1.679242796217779, -0.0018718047655891382, 2839238000000, 
3.325019679183069, 1.6792314184641468, -0.0014714745043911761, 2839306000000, 
3.335218443134952, 1.6792195333354882, -0.0008335779970947666, 2839408000000, 
3.345438898879679, 1.6792033775219828, -0.011258067312505953, 2839510000000, 
3.3557851300309918, 1.6785872129753192, -0.10141043336970891, 2839612000000, 
3.3659918768721453, 1.6771792692934944, -0.1571241517756546, 2839714000000, 
3.3761066320844235, 1.6754276726844064, -0.19255451404609333, 2839816000000, 
3.3861506773311287, 1.6733182691889952, -0.2263706834292841, 2839918000000, 
3.3961308680371354, 1.6708100680269662, -0.2751024942152643, 2840020000000, 
3.4059593069026346, 1.6677856685018988, -0.3195301194590768, 2840122000000, 
3.415638146450695, 1.6643961796939253, -0.3487246093382763, 2840224000000, 
3.4252298682518605, 1.6608000085124688, -0.37231512086541446, 2840326000000, 
3.434729146994095, 1.6569803250232742, -0.3924213146743066, 2840428000000, 
3.4441571684878114, 1.6529589251557326, -0.41909646463203865, 2840530000000, 
3.453466041932515, 1.6486481468666012, -0.44982390884192147, 2840632000000, 
3.462630898094439, 1.644056842228428, -0.4763907144292828, 2840734000000, 
3.4716800364146025, 1.6392464825506479, -0.5021907927721266, 2840836000000, 
3.480601892403372, 1.6342063387975858, -0.526951672484357, 2840938000000, 
3.4864792640886315, 1.6307256035469213, -0.5431301644694057, 2841006000000, 
3.4951871614638788, 1.6253287351733938, -0.5668220246805189, 2841108000000, 
3.5037680756310636, 1.6197403402659827, -0.5881279951837302, 2841210000000, 
3.512233027806591, 1.6139859949034407, -0.6067362761679355, 2841312000000, 
3.520588806286637, 1.608075130394538, -0.6251066900905603, 2841414000000, 
3.528832418087696, 1.6020087984598268, -0.6436039395181479, 2841516000000, 
3.5369635877371857, 1.5957950133076966, -0.6613887390796788, 2841618000000, 
3.5449847111167436, 1.5894392975538583, -0.679361555387828, 2841720000000, 
3.5528894367472614, 1.5829510889041671, -0.693204578553268, 2841822000000, 
3.5607138742578073, 1.5763751507314876, -0.7043058845286947, 2841924000000, 
3.56846904190063, 1.5697140519363115, -0.7166238738994031, 2842026000000, 
3.576135971168163, 1.5629502913403603, -0.7291854839258185, 2842128000000, 
3.583716831928598, 1.556089494783856, -0.742144895511488, 2842230000000, 
3.5912075447714655, 1.5491275167840861, -0.7561340497886078, 2842332000000, 
3.5985975752375365, 1.5420570206450905, -0.7706751324652904, 2842434000000, 
3.6058852325671227, 1.5348999364688227, -0.7781479823884175, 2842536000000, 
3.6131408904648903, 1.5277211779681792, -0.7817734175008413, 2842638000000, 
3.617967113162468, 1.5229247722530215, -0.7840847038784292, 2842706000000, 
3.6251658105260423, 1.5156767357069916, -0.7923009120556929, 2842808000000, 
3.6323125263166873, 1.5083801085192252, -0.7995088811508319, 2842910000000, 
3.6394040885182206, 1.5010262874378608, -0.8080095092904914, 2843012000000, 
3.646424999777548, 1.4935975090545754, -0.8193729522008186, 2843114000000, 
3.653366017994547, 1.4861590774473774, -0.8053399796908405, 2843216000000, 
3.660557451711411, 1.479057438490433, -0.7567472933322426, 2843318000000, 
3.6680761150598706, 1.4722358098291028, -0.7321452011108884, 2843420000000, 
3.6756915488850526, 1.4655020497678914, -0.7139355250619231, 2843522000000, 
3.683419613751898, 1.4588805691553295, -0.7016272241988721, 2843624000000, 
3.6912248867347492, 1.4523140779938872, -0.7018571709038595, 2843726000000, 
3.6990043134369306, 1.4456963289251468, -0.7089245128951811, 2843828000000, 
3.7067247462578083, 1.4389928839234967, -0.7219992673717077, 2843930000000, 
3.714348231546093, 1.4321753471788887, -0.7364665579028543, 2844032000000, 
3.71937597016803, 1.427573912634624, -0.7446881973789747, 2844100000000, 
3.726875152643717, 1.4206525623465363, -0.7473389673630381, 2844202000000, 
3.7343610312824205, 1.4137280257531013, -0.745946509724587, 2844304000000, 
3.7418620980974167, 1.4068292774469158, -0.7412319798312261, 2844406000000, 
3.749401380088218, 1.3999788050397173, -0.7341891848651573, 2844508000000, 
3.756986173115699, 1.3932462925073943, -0.703507166579574, 2844610000000, 
3.7648620955300056, 1.3869177148241445, -0.653019669423833, 2844712000000, 
3.7730478364700453, 1.3809438212394936, -0.6187095464771378, 2844814000000, 
3.7813891036404366, 1.375159999557646, -0.5924927485865503, 2844916000000, 
3.789866944453864, 1.3696358355434732, -0.5497460015052553, 2845018000000, 
3.7986098760335634, 1.364546674619197, -0.5060703283694543, 2845120000000, 
3.807573258017426, 1.3598007203455964, -0.47621531918916976, 2845222000000, 
3.8166412928637787, 1.3552120819416098, -0.456374685971211, 2845324000000, 
3.8258049311969957, 1.3508083114557872, -0.43883570439062297, 2845426000000, 
3.83504679971846, 1.3465520369990032, -0.4255405654227712, 2845528000000, 
3.8443390527738486, 1.3424040294310349, -0.41275628440731404, 2845630000000, 
3.8536667203526056, 1.338442546975629, -0.3776451714545364, 2845732000000, 
3.863144128830913, 1.334857548170957, -0.34229167714197956, 2845834000000, 
3.869535738787083, 1.3326785351918504, -0.31737354866114037, 2845902000000, 
3.8792138368265796, 1.329628867833811, -0.28923448443593014, 2846004000000, 
3.888977755929771, 1.3268777707151884, -0.25956097322395544, 2846106000000, 
3.8988204034987253, 1.3243924745377529, -0.23390244109542963, 2846208000000, 
3.9087258356499404, 1.3221550869706795, -0.21005469897706852, 2846310000000, 
3.918684682887157, 1.320147217076912, -0.18839561579958622, 2846412000000, 
3.928684917592218, 1.3183441886063334, -0.16781483192444166, 2846514000000, 
3.938719954812366, 1.3167452867710816, -0.14732565752582105, 2846616000000, 
3.948789849528469, 1.315347419202906, -0.12945409047643333, 2846718000000, 
3.958884388858827, 1.3141162490755238, -0.11312966613385915, 2846820000000, 
3.9689948744155035, 1.3130501716063496, -0.09535202277168786, 2846922000000, 
3.9791220186610947, 1.3121742797138918, -0.07675645066852863, 2847024000000, 
3.989262364692573, 1.31149103386751, -0.057260829896945774, 2847126000000, 
3.999424815220633, 1.3109933814491754, -0.04377195722756208, 2847228000000, 
4.009598514676647, 1.310599707000157, -0.03374626954580585, 2847330000000, 
4.0197707186190375, 1.3103061267003966, -0.021152693203558438, 2847432000000, 
4.026553080076099, 1.310193250753962, -0.012350967405449746, 2847500000000, 
4.0367263825045985, 1.3101372531535143, 0.001727015852237332, 2847602000000, 
4.0469012290482045, 1.3102283045703953, 0.014868450383050487, 2847704000000, 
4.057094490790392, 1.3103861014907436, 0.01790973207289934, 2847806000000, 
4.067278053428366, 1.3105916699926754, 0.025644673476438392, 2847908000000, 
4.077454498587416, 1.3109057142290244, 0.03549882859948633, 2848010000000, 
4.0876270398389885, 1.3113211694656512, 0.0455682915886738, 2848112000000, 
4.097808682544071, 1.3118202497647709, 0.04877725804715759, 2848214000000, 
4.10799567495342, 1.3123180324186576, 0.04929829647389269, 2848316000000, 
4.118175212700899, 1.3128262194537355, 0.05347401736129686, 2848418000000, 
4.12834894090522, 1.3133990915932676, 0.058808894702646664, 2848520000000, 
4.138516494574477, 1.3140309501783891, 0.06565870867324461, 2848622000000, 
4.148690831444968, 1.314723223646767, 0.06675599319648616, 2848724000000, 
4.158872282955364, 1.31539529112842, 0.06487953230977969, 2848826000000, 
4.169048337545976, 1.3160498643348568, 0.06646306889826258, 2848928000000, 
4.179219786023813, 1.3167416360685782, 0.06908859785784832, 2849030000000, 
4.18599851449649, 1.3172190925634504, 0.07145893234214394, 2849098000000, 
4.196166041460316, 1.3179661223654107, 0.07417247390704751, 2849200000000, 
4.206348657963076, 1.3186934580937906, 0.0696721931007317, 2849302000000, 
4.216532193470192, 1.3193814198830704, 0.06606916731769147, 2849404000000, 
4.226705538823391, 1.3200697574004934, 0.06781796811563295, 2849506000000, 
4.236879808862519, 1.3207667704153054, 0.06882098901469436, 2849608000000, 
4.247061640531398, 1.3214631793193374, 0.06582198277258725, 2849710000000, 
4.257247885144714, 1.3221130044328275, 0.062195898674156785, 2849812000000, 
4.267431406673978, 1.3227331367312378, 0.06093607791244241, 2849914000000, 
4.27761426352691, 1.323352345832513, 0.05998644459999048, 2850016000000, 
4.287796268654213, 1.3239623701626997, 0.05986849585499643, 2850118000000, 
4.297983183037007, 1.3245677681500703, 0.05727384902336658, 2850220000000, 
4.308174996212247, 1.3251329514645906, 0.05333391227138508, 2850322000000, 
4.318365861364872, 1.3256586816621505, 0.05099552847524365, 2850424000000, 
4.328556414995962, 1.326170304133361, 0.04914550963361051, 2850526000000, 
4.338747147750118, 1.3266646190443603, 0.04772326339132119, 2850628000000, 
4.345541955038114, 1.3269860985621755, 0.046465583283495385, 2850696000000, 
4.3557393157497835, 1.3274384965368917, 0.042544478050103626, 2850798000000, 
4.365937312527667, 1.327853901779214, 0.03908442021528402, 2850900000000, 
4.376132848531417, 1.3282466551605396, 0.03743068243167339, 2851002000000, 
4.386329906675593, 1.3286186075471602, 0.035438204116639505, 2851104000000, 
4.396529222472579, 1.3289677724172115, 0.03262829885096929, 2851206000000, 
4.406729379867868, 1.3292858156382634, 0.029885228875943907, 2851308000000, 
4.416929247943536, 1.3295783608558995, 0.02773122994542138, 2851410000000, 
4.427129629768142, 1.3298515114941263, 0.025606102579530075, 2851512000000, 
4.4373302237078445, 1.3301027674218266, 0.023651477213672854, 2851614000000, 
4.447379774073652, 1.3304622612326489, 0.07756838628845547, 2851716000000, 
4.45745181271644, 1.3314344530194915, 0.11957711080746707, 2851818000000, 
4.467473602739921, 1.3328897955427614, 0.15869927395970862, 2851920000000, 
4.477447329057574, 1.3346703595989244, 0.19485759349246895, 2852022000000, 
4.48737717161257, 1.336782672494043, 0.2210658701195085, 2852124000000, 
4.497330150937136, 1.3390636606394242, 0.2160057273286239, 2852226000000, 
4.50400348501151, 1.3404757257443456, 0.20505572444324158, 2852294000000, 
4.514049343123644, 1.3424470331890581, 0.1857129079118109, 2852396000000, 
4.524075253029965, 1.344345734552518, 0.1834606596162411, 2852498000000, 
4.534106658643497, 1.3462017171115674, 0.1825647774005089, 2852600000000, 
4.544116091069633, 1.3480880123211088, 0.19026430101501748, 2852702000000, 
4.554020390177794, 1.3500250323307068, 0.18396471032748238, 2852804000000, 
4.563158385348909, 1.3517146218588492, 0.1796082072160161, 2852906000000, 
4.571583935283582, 1.3532201255653555, 0.18079530576666086, 2853008000000, 
4.579471236736292, 1.354673426504646, 0.1834579557916584, 2853110000000, 
4.586833608702063, 1.3560566935449443, 0.18802876298672858, 2853212000000, 
4.594164007068475, 1.3575177760100483, 0.22306608691900012, 2853314000000, 
4.600724941960345, 1.3591792673894383, 0.27197612794827036, 2853416000000, 
4.607088660507561, 1.3611140042693295, 0.30903789109066054, 2853518000000, 
4.613144441458178, 1.3631434340484185, 0.3391688488691639, 2853620000000, 
4.618897771573223, 1.3652476537244316, 0.36177484885902395, 2853722000000, 
4.624586372844643, 1.367455770375024, 0.37836853470311166, 2853824000000, 
4.628106618219151, 1.3688570064335115, 0.38041405626486374, 2853892000000, 
4.633171817296797, 1.3708945594935469, 0.38479752760338026, 2853994000000, 
4.637962077821339, 1.3728504355739621, 0.3910065693684587, 2854096000000, 
4.642491096781971, 1.3747348195370754, 0.3985592968446964, 2854198000000, 
4.6468760945946155, 1.376603287417663, 0.40820576561097244, 2854300000000, 
4.651223415018993, 1.3785177153835402, 0.42299591391157876, 2854402000000, 
4.6551751582263865, 1.3803294062778946, 0.4380599628657919, 2854504000000, 
4.658841403011455, 1.382077531119107, 0.452680957200817, 2854606000000, 
4.662316878118724, 1.3837959724707918, 0.46654367325669366, 2854708000000, 
4.665576174105858, 1.3854617486149543, 0.47876996894439083, 2854810000000, 
4.668650860951777, 1.3870774285903478, 0.4891346540189585, 2854912000000, 
4.671598800894883, 1.3886629131071777, 0.4982673268255578, 2855014000000, 
4.674423812833039, 1.3902141701489026, 0.5066455943869215, 2855116000000, 
4.677119247711145, 1.391723104697008, 0.5146863965833367, 2855218000000, 
4.679691556287027, 1.3931903828372574, 0.5227658884277312, 2855320000000, 
4.68213989762141, 1.3946135092875456, 0.5310407012882433, 2855422000000, 
4.684460754387329, 1.3959886412110396, 0.5394568461010556, 2855524000000, 
4.685939845999264, 1.396879139602491, 0.545094362644097, 2855592000000, 
4.688061696602722, 1.398176858351896, 0.5534413753718926, 2855694000000, 
4.690074215426111, 1.3994304716533965, 0.5614997239831963, 2855796000000, 
4.691984804387711, 1.4006414434880572, 0.5691485765078976, 2855898000000, 
4.6938783275464475, 1.4018615700692225, 0.5763850697258018, 2856000000000, 
4.695732393522389, 1.403075119259804, 0.5833957608512026, 2856102000000, 
4.697418949276136, 1.404195344951348, 0.5899414781678175, 2856204000000, 
4.698985153475843, 1.4052499345855458, 0.5961588705307945, 2856306000000, 
4.700463937014893, 1.4062587848969677, 0.6021885202160113, 2856408000000, 
4.701845632599247, 1.4072134167737942, 0.6080961075091944, 2856510000000, 
4.703150555564341, 1.4081263591054651, 0.6138706676020012, 2856612000000, 
4.704404109146886, 1.40901402262566, 0.6194942877950026, 2856714000000, 
4.705607809873479, 1.4098764304692473, 0.6249455344877691, 2856816000000, 
4.70676027705815, 1.4107115199570512, 0.6301903423407169, 2856918000000, 
4.707863972896912, 1.4115198943235459, 0.6352089399468449, 2857020000000, 
4.7089169041989765, 1.412299085699134, 0.640015747108156, 2857122000000, 
4.709916868911337, 1.4130463983326298, 0.644636542728626, 2857224000000, 
4.710554834804538, 1.4135269542809885, 0.6476450755722124, 2857292000000, 
4.711470667898302, 1.4142221255502745, 0.6520052972430886, 2857394000000, 
4.712339730155629, 1.4148876832874435, 0.6562399886478767, 2857496000000, 
4.713165343891616, 1.41552547130008, 0.6603568302060285, 2857598000000, 
4.713984672302691, 1.4161637997023233, 0.6644026997007795, 2857700000000, 
4.7147882701602795, 1.416795095776445, 0.6683799450402111, 2857802000000, 
4.71552009534102, 1.4173745870075294, 0.6721527733885986, 2857904000000, 
4.716200613364595, 1.417917548646902, 0.6757546259380429, 2858006000000, 
4.7168443724720435, 1.4184348757533105, 0.6792188617373686, 2858108000000, 
4.717446879466506, 1.4189224539639342, 0.6825698080371481, 2858210000000, 
4.71801691321337, 1.4193868302094148, 0.6858089448588377, 2858312000000, 
4.718565223882001, 1.4198364488258581, 0.6889350536250455, 2858414000000, 
4.719092446249348, 1.4202714752445422, 0.691953289051583, 2858516000000, 
4.719597897365957, 1.4206910628460243, 0.6948613807779322, 2858618000000, 
4.720082535509827, 1.42109571057404, 0.6976574275308913, 2858720000000, 
4.720545443348647, 1.4214843746897945, 0.7003515777053574, 2858822000000, 
4.720841417493302, 1.4217340162544136, 0.7021080632994943, 2858890000000, 
4.7212667586987775, 1.4220942762907585, 0.7046558069804467, 2858992000000, 
4.721670712738955, 1.4224381812927003, 0.7071252259409649, 2859094000000, 
4.72205458363015, 1.4227665831364018, 0.7095218814115026, 2859196000000, 
4.722435246213495, 1.4230938234500277, 0.7118772347564519, 2859298000000, 
4.72280873600633, 1.423416425501636, 0.7141933254984848, 2859400000000, 
4.723149134800368, 1.4237117638384091, 0.7163922019232658, 2859502000000, 
4.723466035863479, 1.4239879153682986, 0.7184942487878521, 2859604000000, 
4.723766219372223, 1.4242505788829054, 0.7205187228760155, 2859706000000, 
4.723864531760261, 1.424336769699326, 0.7211589416290486, 2859808000000, 
4.723864553538555, 1.424336685752094, 0.7212719281688644, 2859910000000, 
4.723864549035299, 1.4243366196683962, 0.7212440852090735, 2860012000000, 
4.723864388305313, 1.4243364162476249, 0.7212140929140693, 2860114000000, 
4.723864327859025, 1.4243362751264828, 0.7212066910049038, 2860216000000, 
4.723864398030323, 1.4243363112677712, 0.721208900884109, 2860318000000, 
4.7238645538704045, 1.4243364508749674, 0.7212110559173697, 2860420000000, 
4.723864610946675, 1.4243365063662219, 0.7212115041176095, 2860488000000, 
4.723864535131446, 1.4243364864427293, 0.7212112661888955, 2860590000000, 
4.723864427996982, 1.424336440660446, 0.7212114335072082, 2860692000000, 
4.723864371241238, 1.424336454607633, 0.7212114965500885, 2860794000000, 
4.723864353326467, 1.4243365230771419, 0.7212116041616781, 2860896000000, 
4.7238643820510395, 1.4243366098003643, 0.7212117267015979, 2860998000000, 
4.723864401871812, 1.4243367207455542, 0.721211767180348, 2861100000000, 
4.723864346596118, 1.4243367402303475, 0.7212118513919801, 2861202000000, 
4.7238642539611675, 1.424336718678161, 0.7212120157811278, 2861304000000, 
4.72386421651565, 1.4243367536553007, 0.7212120861576437, 2861406000000, 
4.723864247250142, 1.4243368128910432, 0.7212121761213965, 2861508000000, 
4.723864277605837, 1.4243368849590616, 0.7212122345815024, 2861610000000, 
4.723864244500593, 1.424336860562784, 0.7212123477044663, 2861712000000, 
4.723864193290587, 1.4243368275524884, 0.7212125238244984, 2861814000000, 
4.723864203872606, 1.4243368493161905, 0.7212126315068014, 2861916000000, 
4.723864265549153, 1.424336903930253, 0.721212740202293, 2862018000000, 
4.723864284922002, 1.4243369104587107, 0.7212127970753475, 2862086000000, 
4.72386425781627, 1.424336853422652, 0.7212129192313803, 2862188000000, 
4.723864259518161, 1.4243368451825258, 0.7212130687398168, 2862290000000, 
4.723864311916179, 1.4243368774841172, 0.7212132042047028, 2862392000000, 
4.723864314463318, 1.424336853878361, 0.7212133211455078, 2862494000000, 
4.723864302664363, 1.4243368139475354, 0.7212134813248798, 2862596000000, 
4.723864345609755, 1.424336829718162, 0.7212135891102952, 2862698000000, 
4.723864368522836, 1.4243368381241603, 0.7212136723899863, 2862800000000, 
4.723864342390745, 1.4243367880387898, 0.7212138286605351, 2862902000000, 
4.7238643578369395, 1.4243367953075892, 0.7212139557512023, 2863004000000, 
4.72386440813575, 1.4243368297931458, 0.7212140420099815, 2863106000000, 
4.7238643880697495, 1.4243368032347188, 0.7212141982367366, 2863208000000, 
4.723864384656482, 1.4243367816288226, 0.7212143359581389, 2863310000000, 
4.723864428741545, 1.42433682365005, 0.7212144421459117, 2863412000000, 
4.723864422984658, 1.4243368173603852, 0.7212145374537065, 2863514000000, 
4.723864396165458, 1.4243367936500315, 0.7212146868153844, 2863616000000, 
4.723864425379221, 1.4243368085806576, 0.7212147824437329, 2863718000000, 
4.723864451309639, 1.424336835874801, 0.7212148285282888, 2863786000000, 
4.723864429569712, 1.4243368179465505, 0.7212149583009353, 2863888000000, 
4.723864416556775, 1.4243368171145359, 0.7212151006743001, 2863990000000, 
4.723864453422187, 1.424336846091108, 0.7212151998273458, 2864092000000, 
4.7238644409494865, 1.4243368276281496, 0.7212152999784027, 2864194000000, 
4.723864447466892, 1.4243368435699453, 0.7212154280878856, 2864296000000, 
4.723864462982749, 1.424336850236107, 0.7212154927603358, 2864398000000, 
4.72386444093015, 1.424336833746073, 0.7212156580660828, 2864500000000, 
4.723864468309677, 1.4243368564707697, 0.7212157685404582, 2864602000000, 
4.723864477169238, 1.4243368702979287, 0.721215845291629, 2864704000000, 
4.723864461350744, 1.4243368547577975, 0.7212160159654198, 2864806000000, 
4.7238644900196025, 1.4243368794084628, 0.7212160928184105, 2864908000000, 
4.7238644718691445, 1.4243368446360984, 0.7212162205791373, 2865010000000, 
4.7238644785413975, 1.4243368561143859, 0.7212163430250389, 2865112000000, 
4.723864517599531, 1.4243368854971166, 0.7212164191989041, 2865214000000, 
4.723864507781437, 1.4243368681945618, 0.7212165045029678, 2865282000000, 
4.723864481070502, 1.4243368387517414, 0.7212166503477563, 2865384000000, 
4.723864505532109, 1.4243368670592733, 0.7212167517646207, 2865486000000, 
4.723864538472827, 1.4243368835262016, 0.7212168137751205, 2865588000000, 
4.723864513349756, 1.424336863353721, 0.7212169642554439, 2865690000000, 
4.723864519234619, 1.4243368546045287, 0.7212170921590357, 2865792000000, 
4.723864560628874, 1.4243368890087016, 0.7212171773002908, 2865894000000, 
4.72386454238477, 1.424336871605699, 0.7212173109699119, 2865996000000, 
4.723864528920964, 1.4243368589460503, 0.7212174465694146, 2866098000000, 
4.72386456576475, 1.4243368883693661, 0.7212175432680584, 2866200000000, 
4.723864564194342, 1.4243368846227458, 0.7212176272048205, 2866302000000, 
4.723864534727547, 1.424336852833565, 0.7212177687260571, 2866404000000, 
4.723864558145568, 1.4243368700050199, 0.7212178680473026, 2866506000000, 
4.7238646038985985, 1.4243369047834005, 0.721217933056149, 2866608000000, 
4.723864581410992, 1.4243368832743626, 0.7212180704211746, 2866710000000, 
4.723864580850628, 1.4243368871556192, 0.7212182029396259, 2866812000000, 
4.7238646091083245, 1.424336904709948, 0.7212182799679673, 2866880000000, 
4.723864598921092, 1.4243368932191935, 0.7212183656493781, 2866982000000, 
4.723864598556931, 1.4243368952394209, 0.7212184962022581, 2867084000000, 
4.7238646229045615, 1.4243369114388404, 0.7212185604837309, 2867186000000, 
4.723864597168939, 1.4243368780072136, 0.7212187098780966, 2867288000000, 
4.723864615782486, 1.4243369023081789, 0.7212188208906368, 2867390000000, 
4.723864642697454, 1.4243369151555088, 0.7212188814471998, 2867492000000, 
4.723864631247842, 1.4243368965371865, 0.7212190556831696, 2867594000000, 
4.7238646554141095, 1.424336920013817, 0.7212191337074367, 2867696000000, 
4.723864633794235, 1.4243369011038434, 0.7212192523934517, 2867798000000, 
4.723864631458143, 1.4243369011273128, 0.7212193696520758, 2867900000000, 
4.723864681288818, 1.424336932112929, 0.7212194623212745, 2868002000000, 
4.723864670684227, 1.4243369197740865, 0.7212195617503702, 2868104000000, 
4.72386464885851, 1.4243368986219982, 0.721219704597033, 2868206000000, 
4.723864683273548, 1.4243369365830654, 0.7212197992891819, 2868308000000, 
